[     362ms] [WARNING] You are trying to animate stopOpacity from "undefined" to "0". undefined is not an animatable value - to enable this animation set undefined to a value animatable to 0 via the `style` property. @ webpack-internal:///(app-pages-browser)/./node_modules/framer-motion/dist/es/utils/errors.mjs:13
[     364ms] [WARNING] Image with src "/avatar.jpg" has "fill" but is missing "sizes" prop. Please add it to improve page performance. Read more: https://nextjs.org/docs/api-reference/next/image#sizes @ webpack-internal:///(app-pages-browser)/./node_modules/next/dist/shared/lib/utils/warn-once.js:15
[     364ms] [WARNING] Image with src "/c3_speaker_head.png" has "fill" but is missing "sizes" prop. Please add it to improve page performance. Read more: https://nextjs.org/docs/api-reference/next/image#sizes @ webpack-internal:///(app-pages-browser)/./node_modules/next/dist/shared/lib/utils/warn-once.js:15
[     365ms] [WARNING] Vemetric is ignoring requests because it is running on localhost. @ https://cdn.vemetric.com/main.js:0
[ 1735031ms] [ERROR] WebSocket connection to 'ws://localhost:3099/_next/webpack-hmr' failed:  @ webpack-internal:///(app-pages-browser)/./node_modules/next/dist/client/components/react-dev-overlay/internal/helpers/use-websocket.js:41
[ 1765053ms] [WARNING] You are trying to animate stopOpacity from "undefined" to "0". undefined is not an animatable value - to enable this animation set undefined to a value animatable to 0 via the `style` property. @ webpack-internal:///(app-pages-browser)/./node_modules/framer-motion/dist/es/utils/errors.mjs:13
[ 1765055ms] [WARNING] Vemetric is ignoring requests because it is running on localhost. @ https://cdn.vemetric.com/main.js:0
[ 1765056ms] [WARNING] Image with src "/avatar.jpg" has "fill" but is missing "sizes" prop. Please add it to improve page performance. Read more: https://nextjs.org/docs/api-reference/next/image#sizes @ webpack-internal:///(app-pages-browser)/./node_modules/next/dist/shared/lib/utils/warn-once.js:15
[ 1765056ms] [WARNING] Image with src "/c3_speaker_head.png" has "fill" but is missing "sizes" prop. Please add it to improve page performance. Read more: https://nextjs.org/docs/api-reference/next/image#sizes @ webpack-internal:///(app-pages-browser)/./node_modules/next/dist/shared/lib/utils/warn-once.js:15
[ 1765078ms] [WARNING] ./app/lib/utils.ts
Attempted import error: 'changelogItems' is not exported from '#site/content' (imported as 'changelogItems'). @ webpack-internal:///(app-pages-browser)/./node_modules/next/dist/client/components/react-dev-overlay/app/hot-reloader-client.js:281
[ 1765078ms] [WARNING] ./app/lib/utils.ts
Attempted import error: 'posts' is not exported from '#site/content' (imported as 'posts'). @ webpack-internal:///(app-pages-browser)/./node_modules/next/dist/client/components/react-dev-overlay/app/hot-reloader-client.js:281
[ 1765078ms] [WARNING] ./app/lib/utils.ts
Attempted import error: 'changelogItems' is not exported from '#site/content' (imported as 'changelogItems'). @ webpack-internal:///(app-pages-browser)/./node_modules/next/dist/client/components/react-dev-overlay/app/hot-reloader-client.js:281
[ 1846519ms] [WARNING] ./app/lib/utils.ts
Attempted import error: 'changelogItems' is not exported from '#site/content' (imported as 'changelogItems').

Import trace for requested module:
./app/lib/utils.ts
./app/components/Photo.tsx
./app/components/PhotoGallery.tsx @ webpack-internal:///(app-pages-browser)/./node_modules/next/dist/client/components/react-dev-overlay/app/hot-reloader-client.js:281
[ 1846519ms] [WARNING] ./app/lib/utils.ts
Attempted import error: 'posts' is not exported from '#site/content' (imported as 'posts').

Import trace for requested module:
./app/lib/utils.ts
./app/components/Photo.tsx
./app/components/PhotoGallery.tsx @ webpack-internal:///(app-pages-browser)/./node_modules/next/dist/client/components/react-dev-overlay/app/hot-reloader-client.js:281
[ 1846519ms] [WARNING] ./app/lib/utils.ts
Attempted import error: 'changelogItems' is not exported from '#site/content' (imported as 'changelogItems').

Import trace for requested module:
./app/lib/utils.ts
./app/components/Photo.tsx
./app/components/PhotoGallery.tsx @ webpack-internal:///(app-pages-browser)/./node_modules/next/dist/client/components/react-dev-overlay/app/hot-reloader-client.js:281
[ 1846672ms] [WARNING] ./app/lib/utils.ts
Attempted import error: 'changelogItems' is not exported from '#site/content' (imported as 'changelogItems').

Import trace for requested module:
./app/lib/utils.ts
./app/components/Photo.tsx
./app/components/PhotoGallery.tsx @ webpack-internal:///(app-pages-browser)/./node_modules/next/dist/client/components/react-dev-overlay/app/hot-reloader-client.js:281
[ 1846672ms] [WARNING] ./app/lib/utils.ts
Attempted import error: 'posts' is not exported from '#site/content' (imported as 'posts').

Import trace for requested module:
./app/lib/utils.ts
./app/components/Photo.tsx
./app/components/PhotoGallery.tsx @ webpack-internal:///(app-pages-browser)/./node_modules/next/dist/client/components/react-dev-overlay/app/hot-reloader-client.js:281
[ 1846672ms] [WARNING] ./app/lib/utils.ts
Attempted import error: 'changelogItems' is not exported from '#site/content' (imported as 'changelogItems').

Import trace for requested module:
./app/lib/utils.ts
./app/components/Photo.tsx
./app/components/PhotoGallery.tsx @ webpack-internal:///(app-pages-browser)/./node_modules/next/dist/client/components/react-dev-overlay/app/hot-reloader-client.js:281
[ 1846790ms] [ERROR] Failed to load resource: the server responded with a status of 404 (Not Found) @ http://localhost:3000/_next/static/webpack/81859e8fefffaf1c.webpack.hot-update.json:0
[ 1847116ms] [WARNING] You are trying to animate stopOpacity from "undefined" to "0". undefined is not an animatable value - to enable this animation set undefined to a value animatable to 0 via the `style` property. @ webpack-internal:///(app-pages-browser)/./node_modules/framer-motion/dist/es/utils/errors.mjs:13
[ 1847118ms] [WARNING] Vemetric is ignoring requests because it is running on localhost. @ https://cdn.vemetric.com/main.js:0
[ 1847119ms] [WARNING] Image with src "/avatar.jpg" has "fill" but is missing "sizes" prop. Please add it to improve page performance. Read more: https://nextjs.org/docs/api-reference/next/image#sizes @ webpack-internal:///(app-pages-browser)/./node_modules/next/dist/shared/lib/utils/warn-once.js:15
[ 1847119ms] [WARNING] Image with src "/c3_speaker_head.png" has "fill" but is missing "sizes" prop. Please add it to improve page performance. Read more: https://nextjs.org/docs/api-reference/next/image#sizes @ webpack-internal:///(app-pages-browser)/./node_modules/next/dist/shared/lib/utils/warn-once.js:15
[ 1847145ms] [WARNING] ./app/lib/utils.ts
Attempted import error: 'changelogItems' is not exported from '#site/content' (imported as 'changelogItems'). @ webpack-internal:///(app-pages-browser)/./node_modules/next/dist/client/components/react-dev-overlay/app/hot-reloader-client.js:281
[ 1847145ms] [WARNING] ./app/lib/utils.ts
Attempted import error: 'posts' is not exported from '#site/content' (imported as 'posts'). @ webpack-internal:///(app-pages-browser)/./node_modules/next/dist/client/components/react-dev-overlay/app/hot-reloader-client.js:281
[ 1847145ms] [WARNING] ./app/lib/utils.ts
Attempted import error: 'changelogItems' is not exported from '#site/content' (imported as 'changelogItems'). @ webpack-internal:///(app-pages-browser)/./node_modules/next/dist/client/components/react-dev-overlay/app/hot-reloader-client.js:281
[ 1933280ms] [WARNING] You are trying to animate stopOpacity from "undefined" to "0". undefined is not an animatable value - to enable this animation set undefined to a value animatable to 0 via the `style` property. @ webpack-internal:///(app-pages-browser)/./node_modules/framer-motion/dist/es/utils/errors.mjs:13
[ 1933282ms] [WARNING] Vemetric is ignoring requests because it is running on localhost. @ https://cdn.vemetric.com/main.js:0
[ 1933283ms] [WARNING] Image with src "/avatar.jpg" has "fill" but is missing "sizes" prop. Please add it to improve page performance. Read more: https://nextjs.org/docs/api-reference/next/image#sizes @ webpack-internal:///(app-pages-browser)/./node_modules/next/dist/shared/lib/utils/warn-once.js:15
[ 1933283ms] [WARNING] Image with src "/c3_speaker_head.png" has "fill" but is missing "sizes" prop. Please add it to improve page performance. Read more: https://nextjs.org/docs/api-reference/next/image#sizes @ webpack-internal:///(app-pages-browser)/./node_modules/next/dist/shared/lib/utils/warn-once.js:15
[ 1933303ms] [WARNING] ./app/lib/utils.ts
Attempted import error: 'changelogItems' is not exported from '#site/content' (imported as 'changelogItems'). @ webpack-internal:///(app-pages-browser)/./node_modules/next/dist/client/components/react-dev-overlay/app/hot-reloader-client.js:281
[ 1933303ms] [WARNING] ./app/lib/utils.ts
Attempted import error: 'posts' is not exported from '#site/content' (imported as 'posts'). @ webpack-internal:///(app-pages-browser)/./node_modules/next/dist/client/components/react-dev-overlay/app/hot-reloader-client.js:281
[ 1933303ms] [WARNING] ./app/lib/utils.ts
Attempted import error: 'changelogItems' is not exported from '#site/content' (imported as 'changelogItems'). @ webpack-internal:///(app-pages-browser)/./node_modules/next/dist/client/components/react-dev-overlay/app/hot-reloader-client.js:281
[ 2010331ms] [WARNING] ./app/lib/utils.ts
Attempted import error: 'changelogItems' is not exported from '#site/content' (imported as 'changelogItems').

Import trace for requested module:
./app/lib/utils.ts
./app/components/Photo.tsx
./app/components/PhotoGallery.tsx @ webpack-internal:///(app-pages-browser)/./node_modules/next/dist/client/components/react-dev-overlay/app/hot-reloader-client.js:281
[ 2010331ms] [WARNING] ./app/lib/utils.ts
Attempted import error: 'posts' is not exported from '#site/content' (imported as 'posts').

Import trace for requested module:
./app/lib/utils.ts
./app/components/Photo.tsx
./app/components/PhotoGallery.tsx @ webpack-internal:///(app-pages-browser)/./node_modules/next/dist/client/components/react-dev-overlay/app/hot-reloader-client.js:281
[ 2010331ms] [WARNING] ./app/lib/utils.ts
Attempted import error: 'changelogItems' is not exported from '#site/content' (imported as 'changelogItems').

Import trace for requested module:
./app/lib/utils.ts
./app/components/Photo.tsx
./app/components/PhotoGallery.tsx @ webpack-internal:///(app-pages-browser)/./node_modules/next/dist/client/components/react-dev-overlay/app/hot-reloader-client.js:281
[ 2034025ms] [WARNING] ./app/lib/utils.ts
Attempted import error: 'changelogItems' is not exported from '#site/content' (imported as 'changelogItems'). @ webpack-internal:///(app-pages-browser)/./node_modules/next/dist/client/components/react-dev-overlay/app/hot-reloader-client.js:281
[ 2034025ms] [WARNING] ./app/lib/utils.ts
Attempted import error: 'posts' is not exported from '#site/content' (imported as 'posts'). @ webpack-internal:///(app-pages-browser)/./node_modules/next/dist/client/components/react-dev-overlay/app/hot-reloader-client.js:281
[ 2034025ms] [WARNING] ./app/lib/utils.ts
Attempted import error: 'changelogItems' is not exported from '#site/content' (imported as 'changelogItems'). @ webpack-internal:///(app-pages-browser)/./node_modules/next/dist/client/components/react-dev-overlay/app/hot-reloader-client.js:281
[ 2058321ms] [WARNING] ./app/lib/utils.ts
Attempted import error: 'changelogItems' is not exported from '#site/content' (imported as 'changelogItems'). @ webpack-internal:///(app-pages-browser)/./node_modules/next/dist/client/components/react-dev-overlay/app/hot-reloader-client.js:281
[ 2058321ms] [WARNING] ./app/lib/utils.ts
Attempted import error: 'posts' is not exported from '#site/content' (imported as 'posts'). @ webpack-internal:///(app-pages-browser)/./node_modules/next/dist/client/components/react-dev-overlay/app/hot-reloader-client.js:281
[ 2058321ms] [WARNING] ./app/lib/utils.ts
Attempted import error: 'changelogItems' is not exported from '#site/content' (imported as 'changelogItems'). @ webpack-internal:///(app-pages-browser)/./node_modules/next/dist/client/components/react-dev-overlay/app/hot-reloader-client.js:281
[ 2334178ms] [WARNING] ./app/lib/utils.ts
Attempted import error: 'changelogItems' is not exported from '#site/content' (imported as 'changelogItems'). @ webpack-internal:///(app-pages-browser)/./node_modules/next/dist/client/components/react-dev-overlay/app/hot-reloader-client.js:281
[ 2334178ms] [WARNING] ./app/lib/utils.ts
Attempted import error: 'posts' is not exported from '#site/content' (imported as 'posts'). @ webpack-internal:///(app-pages-browser)/./node_modules/next/dist/client/components/react-dev-overlay/app/hot-reloader-client.js:281
[ 2334178ms] [WARNING] ./app/lib/utils.ts
Attempted import error: 'changelogItems' is not exported from '#site/content' (imported as 'changelogItems'). @ webpack-internal:///(app-pages-browser)/./node_modules/next/dist/client/components/react-dev-overlay/app/hot-reloader-client.js:281
[ 2892830ms] [WARNING] ./app/lib/utils.ts
Attempted import error: 'changelogItems' is not exported from '#site/content' (imported as 'changelogItems'). @ webpack-internal:///(app-pages-browser)/./node_modules/next/dist/client/components/react-dev-overlay/app/hot-reloader-client.js:281
[ 2892830ms] [WARNING] ./app/lib/utils.ts
Attempted import error: 'posts' is not exported from '#site/content' (imported as 'posts'). @ webpack-internal:///(app-pages-browser)/./node_modules/next/dist/client/components/react-dev-overlay/app/hot-reloader-client.js:281
[ 2892830ms] [WARNING] ./app/lib/utils.ts
Attempted import error: 'changelogItems' is not exported from '#site/content' (imported as 'changelogItems'). @ webpack-internal:///(app-pages-browser)/./node_modules/next/dist/client/components/react-dev-overlay/app/hot-reloader-client.js:281
[ 3394945ms] [WARNING] ./app/lib/utils.ts
Attempted import error: 'changelogItems' is not exported from '#site/content' (imported as 'changelogItems').

Import trace for requested module:
./app/lib/utils.ts
./app/components/Photo.tsx
./app/components/PhotoGallery.tsx @ webpack-internal:///(app-pages-browser)/./node_modules/next/dist/client/components/react-dev-overlay/app/hot-reloader-client.js:281
[ 3394945ms] [WARNING] ./app/lib/utils.ts
Attempted import error: 'posts' is not exported from '#site/content' (imported as 'posts').

Import trace for requested module:
./app/lib/utils.ts
./app/components/Photo.tsx
./app/components/PhotoGallery.tsx @ webpack-internal:///(app-pages-browser)/./node_modules/next/dist/client/components/react-dev-overlay/app/hot-reloader-client.js:281
[ 3394945ms] [WARNING] ./app/lib/utils.ts
Attempted import error: 'changelogItems' is not exported from '#site/content' (imported as 'changelogItems').

Import trace for requested module:
./app/lib/utils.ts
./app/components/Photo.tsx
./app/components/PhotoGallery.tsx @ webpack-internal:///(app-pages-browser)/./node_modules/next/dist/client/components/react-dev-overlay/app/hot-reloader-client.js:281
[ 3429476ms] [WARNING] ./app/lib/utils.ts
Attempted import error: 'changelogItems' is not exported from '#site/content' (imported as 'changelogItems').

Import trace for requested module:
./app/lib/utils.ts
./app/components/Photo.tsx @ webpack-internal:///(app-pages-browser)/./node_modules/next/dist/client/components/react-dev-overlay/app/hot-reloader-client.js:281
[ 3429476ms] [WARNING] ./app/lib/utils.ts
Attempted import error: 'posts' is not exported from '#site/content' (imported as 'posts').

Import trace for requested module:
./app/lib/utils.ts
./app/components/Photo.tsx @ webpack-internal:///(app-pages-browser)/./node_modules/next/dist/client/components/react-dev-overlay/app/hot-reloader-client.js:281
[ 3429476ms] [WARNING] ./app/lib/utils.ts
Attempted import error: 'changelogItems' is not exported from '#site/content' (imported as 'changelogItems').

Import trace for requested module:
./app/lib/utils.ts
./app/components/Photo.tsx @ webpack-internal:///(app-pages-browser)/./node_modules/next/dist/client/components/react-dev-overlay/app/hot-reloader-client.js:281
[ 3584459ms] [WARNING] ./app/lib/utils.ts
Attempted import error: 'changelogItems' is not exported from '#site/content' (imported as 'changelogItems'). @ webpack-internal:///(app-pages-browser)/./node_modules/next/dist/client/components/react-dev-overlay/app/hot-reloader-client.js:281
[ 3584459ms] [WARNING] ./app/lib/utils.ts
Attempted import error: 'posts' is not exported from '#site/content' (imported as 'posts'). @ webpack-internal:///(app-pages-browser)/./node_modules/next/dist/client/components/react-dev-overlay/app/hot-reloader-client.js:281
[ 3584459ms] [WARNING] ./app/lib/utils.ts
Attempted import error: 'changelogItems' is not exported from '#site/content' (imported as 'changelogItems'). @ webpack-internal:///(app-pages-browser)/./node_modules/next/dist/client/components/react-dev-overlay/app/hot-reloader-client.js:281
[ 3667385ms] [WARNING] ./app/lib/utils.ts
Attempted import error: 'changelogItems' is not exported from '#site/content' (imported as 'changelogItems').

Import trace for requested module:
./app/lib/utils.ts
./app/components/Photo.tsx @ webpack-internal:///(app-pages-browser)/./node_modules/next/dist/client/components/react-dev-overlay/app/hot-reloader-client.js:281
[ 3667385ms] [WARNING] ./app/lib/utils.ts
Attempted import error: 'posts' is not exported from '#site/content' (imported as 'posts').

Import trace for requested module:
./app/lib/utils.ts
./app/components/Photo.tsx @ webpack-internal:///(app-pages-browser)/./node_modules/next/dist/client/components/react-dev-overlay/app/hot-reloader-client.js:281
[ 3667385ms] [WARNING] ./app/lib/utils.ts
Attempted import error: 'changelogItems' is not exported from '#site/content' (imported as 'changelogItems').

Import trace for requested module:
./app/lib/utils.ts
./app/components/Photo.tsx @ webpack-internal:///(app-pages-browser)/./node_modules/next/dist/client/components/react-dev-overlay/app/hot-reloader-client.js:281
[ 3682605ms] [WARNING] ./app/lib/utils.ts
Attempted import error: 'changelogItems' is not exported from '#site/content' (imported as 'changelogItems').

Import trace for requested module:
./app/lib/utils.ts
./app/components/Photo.tsx @ webpack-internal:///(app-pages-browser)/./node_modules/next/dist/client/components/react-dev-overlay/app/hot-reloader-client.js:281
[ 3682605ms] [WARNING] ./app/lib/utils.ts
Attempted import error: 'posts' is not exported from '#site/content' (imported as 'posts').

Import trace for requested module:
./app/lib/utils.ts
./app/components/Photo.tsx @ webpack-internal:///(app-pages-browser)/./node_modules/next/dist/client/components/react-dev-overlay/app/hot-reloader-client.js:281
[ 3682605ms] [WARNING] ./app/lib/utils.ts
Attempted import error: 'changelogItems' is not exported from '#site/content' (imported as 'changelogItems').

Import trace for requested module:
./app/lib/utils.ts
./app/components/Photo.tsx @ webpack-internal:///(app-pages-browser)/./node_modules/next/dist/client/components/react-dev-overlay/app/hot-reloader-client.js:281
[ 3682823ms] [WARNING] ./app/lib/utils.ts
Attempted import error: 'changelogItems' is not exported from '#site/content' (imported as 'changelogItems').

Import trace for requested module:
./app/lib/utils.ts
./app/components/Photo.tsx @ webpack-internal:///(app-pages-browser)/./node_modules/next/dist/client/components/react-dev-overlay/app/hot-reloader-client.js:281
[ 3682823ms] [WARNING] ./app/lib/utils.ts
Attempted import error: 'posts' is not exported from '#site/content' (imported as 'posts').

Import trace for requested module:
./app/lib/utils.ts
./app/components/Photo.tsx @ webpack-internal:///(app-pages-browser)/./node_modules/next/dist/client/components/react-dev-overlay/app/hot-reloader-client.js:281
[ 3682823ms] [WARNING] ./app/lib/utils.ts
Attempted import error: 'changelogItems' is not exported from '#site/content' (imported as 'changelogItems').

Import trace for requested module:
./app/lib/utils.ts
./app/components/Photo.tsx @ webpack-internal:///(app-pages-browser)/./node_modules/next/dist/client/components/react-dev-overlay/app/hot-reloader-client.js:281
[ 3697686ms] [WARNING] ./app/lib/utils.ts
Attempted import error: 'changelogItems' is not exported from '#site/content' (imported as 'changelogItems').

Import trace for requested module:
./app/lib/utils.ts
./app/components/Photo.tsx @ webpack-internal:///(app-pages-browser)/./node_modules/next/dist/client/components/react-dev-overlay/app/hot-reloader-client.js:281
[ 3697686ms] [WARNING] ./app/lib/utils.ts
Attempted import error: 'posts' is not exported from '#site/content' (imported as 'posts').

Import trace for requested module:
./app/lib/utils.ts
./app/components/Photo.tsx @ webpack-internal:///(app-pages-browser)/./node_modules/next/dist/client/components/react-dev-overlay/app/hot-reloader-client.js:281
[ 3697686ms] [WARNING] ./app/lib/utils.ts
Attempted import error: 'changelogItems' is not exported from '#site/content' (imported as 'changelogItems').

Import trace for requested module:
./app/lib/utils.ts
./app/components/Photo.tsx @ webpack-internal:///(app-pages-browser)/./node_modules/next/dist/client/components/react-dev-overlay/app/hot-reloader-client.js:281
[ 3697903ms] [WARNING] ./app/lib/utils.ts
Attempted import error: 'changelogItems' is not exported from '#site/content' (imported as 'changelogItems').

Import trace for requested module:
./app/lib/utils.ts
./app/components/Photo.tsx @ webpack-internal:///(app-pages-browser)/./node_modules/next/dist/client/components/react-dev-overlay/app/hot-reloader-client.js:281
[ 3697903ms] [WARNING] ./app/lib/utils.ts
Attempted import error: 'posts' is not exported from '#site/content' (imported as 'posts').

Import trace for requested module:
./app/lib/utils.ts
./app/components/Photo.tsx @ webpack-internal:///(app-pages-browser)/./node_modules/next/dist/client/components/react-dev-overlay/app/hot-reloader-client.js:281
[ 3697903ms] [WARNING] ./app/lib/utils.ts
Attempted import error: 'changelogItems' is not exported from '#site/content' (imported as 'changelogItems').

Import trace for requested module:
./app/lib/utils.ts
./app/components/Photo.tsx @ webpack-internal:///(app-pages-browser)/./node_modules/next/dist/client/components/react-dev-overlay/app/hot-reloader-client.js:281
[ 3700936ms] [WARNING] The resource http://localhost:3000/_next/static/css/app/layout.css?v=1774152683804 was preloaded using link preload but not used within a few seconds from the window's load event. Please make sure it has an appropriate `as` value and it is preloaded intentionally. @ http://localhost:3000/:0
[ 3712833ms] [WARNING] ./app/lib/utils.ts
Attempted import error: 'changelogItems' is not exported from '#site/content' (imported as 'changelogItems').

Import trace for requested module:
./app/lib/utils.ts
./app/components/Photo.tsx @ webpack-internal:///(app-pages-browser)/./node_modules/next/dist/client/components/react-dev-overlay/app/hot-reloader-client.js:281
[ 3712834ms] [WARNING] ./app/lib/utils.ts
Attempted import error: 'posts' is not exported from '#site/content' (imported as 'posts').

Import trace for requested module:
./app/lib/utils.ts
./app/components/Photo.tsx @ webpack-internal:///(app-pages-browser)/./node_modules/next/dist/client/components/react-dev-overlay/app/hot-reloader-client.js:281
[ 3712834ms] [WARNING] ./app/lib/utils.ts
Attempted import error: 'changelogItems' is not exported from '#site/content' (imported as 'changelogItems').

Import trace for requested module:
./app/lib/utils.ts
./app/components/Photo.tsx @ webpack-internal:///(app-pages-browser)/./node_modules/next/dist/client/components/react-dev-overlay/app/hot-reloader-client.js:281
[ 3715915ms] [WARNING] The resource http://localhost:3000/_next/static/css/app/layout.css?v=1774152683804 was preloaded using link preload but not used within a few seconds from the window's load event. Please make sure it has an appropriate `as` value and it is preloaded intentionally. @ http://localhost:3000/:0
[ 3738108ms] [WARNING] ./app/lib/utils.ts
Attempted import error: 'changelogItems' is not exported from '#site/content' (imported as 'changelogItems').

Import trace for requested module:
./app/lib/utils.ts
./app/components/Photo.tsx @ webpack-internal:///(app-pages-browser)/./node_modules/next/dist/client/components/react-dev-overlay/app/hot-reloader-client.js:281
[ 3738109ms] [WARNING] ./app/lib/utils.ts
Attempted import error: 'posts' is not exported from '#site/content' (imported as 'posts').

Import trace for requested module:
./app/lib/utils.ts
./app/components/Photo.tsx @ webpack-internal:///(app-pages-browser)/./node_modules/next/dist/client/components/react-dev-overlay/app/hot-reloader-client.js:281
[ 3738109ms] [WARNING] ./app/lib/utils.ts
Attempted import error: 'changelogItems' is not exported from '#site/content' (imported as 'changelogItems').

Import trace for requested module:
./app/lib/utils.ts
./app/components/Photo.tsx @ webpack-internal:///(app-pages-browser)/./node_modules/next/dist/client/components/react-dev-overlay/app/hot-reloader-client.js:281
[ 3741151ms] [WARNING] The resource http://localhost:3000/_next/static/css/app/layout.css?v=1774152683804 was preloaded using link preload but not used within a few seconds from the window's load event. Please make sure it has an appropriate `as` value and it is preloaded intentionally. @ http://localhost:3000/:0
[ 3751557ms] [WARNING] ./app/lib/utils.ts
Attempted import error: 'changelogItems' is not exported from '#site/content' (imported as 'changelogItems').

Import trace for requested module:
./app/lib/utils.ts
./app/components/Photo.tsx @ webpack-internal:///(app-pages-browser)/./node_modules/next/dist/client/components/react-dev-overlay/app/hot-reloader-client.js:281
[ 3751557ms] [WARNING] ./app/lib/utils.ts
Attempted import error: 'posts' is not exported from '#site/content' (imported as 'posts').

Import trace for requested module:
./app/lib/utils.ts
./app/components/Photo.tsx @ webpack-internal:///(app-pages-browser)/./node_modules/next/dist/client/components/react-dev-overlay/app/hot-reloader-client.js:281
[ 3751557ms] [WARNING] ./app/lib/utils.ts
Attempted import error: 'changelogItems' is not exported from '#site/content' (imported as 'changelogItems').

Import trace for requested module:
./app/lib/utils.ts
./app/components/Photo.tsx @ webpack-internal:///(app-pages-browser)/./node_modules/next/dist/client/components/react-dev-overlay/app/hot-reloader-client.js:281
[ 3754607ms] [WARNING] The resource http://localhost:3000/_next/static/css/app/layout.css?v=1774152683804 was preloaded using link preload but not used within a few seconds from the window's load event. Please make sure it has an appropriate `as` value and it is preloaded intentionally. @ http://localhost:3000/:0
[ 3768720ms] [WARNING] ./app/lib/utils.ts
Attempted import error: 'changelogItems' is not exported from '#site/content' (imported as 'changelogItems').

Import trace for requested module:
./app/lib/utils.ts
./app/components/Photo.tsx @ webpack-internal:///(app-pages-browser)/./node_modules/next/dist/client/components/react-dev-overlay/app/hot-reloader-client.js:281
[ 3768720ms] [WARNING] ./app/lib/utils.ts
Attempted import error: 'posts' is not exported from '#site/content' (imported as 'posts').

Import trace for requested module:
./app/lib/utils.ts
./app/components/Photo.tsx @ webpack-internal:///(app-pages-browser)/./node_modules/next/dist/client/components/react-dev-overlay/app/hot-reloader-client.js:281
[ 3768720ms] [WARNING] ./app/lib/utils.ts
Attempted import error: 'changelogItems' is not exported from '#site/content' (imported as 'changelogItems').

Import trace for requested module:
./app/lib/utils.ts
./app/components/Photo.tsx @ webpack-internal:///(app-pages-browser)/./node_modules/next/dist/client/components/react-dev-overlay/app/hot-reloader-client.js:281
[ 3771763ms] [WARNING] The resource http://localhost:3000/_next/static/css/app/layout.css?v=1774152683804 was preloaded using link preload but not used within a few seconds from the window's load event. Please make sure it has an appropriate `as` value and it is preloaded intentionally. @ http://localhost:3000/:0
[ 3780124ms] [WARNING] ./app/lib/utils.ts
Attempted import error: 'changelogItems' is not exported from '#site/content' (imported as 'changelogItems').

Import trace for requested module:
./app/lib/utils.ts
./app/components/Photo.tsx @ webpack-internal:///(app-pages-browser)/./node_modules/next/dist/client/components/react-dev-overlay/app/hot-reloader-client.js:281
[ 3780124ms] [WARNING] ./app/lib/utils.ts
Attempted import error: 'posts' is not exported from '#site/content' (imported as 'posts').

Import trace for requested module:
./app/lib/utils.ts
./app/components/Photo.tsx @ webpack-internal:///(app-pages-browser)/./node_modules/next/dist/client/components/react-dev-overlay/app/hot-reloader-client.js:281
[ 3780124ms] [WARNING] ./app/lib/utils.ts
Attempted import error: 'changelogItems' is not exported from '#site/content' (imported as 'changelogItems').

Import trace for requested module:
./app/lib/utils.ts
./app/components/Photo.tsx @ webpack-internal:///(app-pages-browser)/./node_modules/next/dist/client/components/react-dev-overlay/app/hot-reloader-client.js:281
[ 3783182ms] [WARNING] The resource http://localhost:3000/_next/static/css/app/layout.css?v=1774152683804 was preloaded using link preload but not used within a few seconds from the window's load event. Please make sure it has an appropriate `as` value and it is preloaded intentionally. @ http://localhost:3000/:0
[ 3801668ms] [WARNING] ./app/lib/utils.ts
Attempted import error: 'changelogItems' is not exported from '#site/content' (imported as 'changelogItems').

Import trace for requested module:
./app/lib/utils.ts
./app/components/Photo.tsx @ webpack-internal:///(app-pages-browser)/./node_modules/next/dist/client/components/react-dev-overlay/app/hot-reloader-client.js:281
[ 3801668ms] [WARNING] ./app/lib/utils.ts
Attempted import error: 'posts' is not exported from '#site/content' (imported as 'posts').

Import trace for requested module:
./app/lib/utils.ts
./app/components/Photo.tsx @ webpack-internal:///(app-pages-browser)/./node_modules/next/dist/client/components/react-dev-overlay/app/hot-reloader-client.js:281
[ 3801668ms] [WARNING] ./app/lib/utils.ts
Attempted import error: 'changelogItems' is not exported from '#site/content' (imported as 'changelogItems').

Import trace for requested module:
./app/lib/utils.ts
./app/components/Photo.tsx @ webpack-internal:///(app-pages-browser)/./node_modules/next/dist/client/components/react-dev-overlay/app/hot-reloader-client.js:281
[ 3804754ms] [WARNING] The resource http://localhost:3000/_next/static/css/app/layout.css?v=1774152683804 was preloaded using link preload but not used within a few seconds from the window's load event. Please make sure it has an appropriate `as` value and it is preloaded intentionally. @ http://localhost:3000/:0
[ 3816804ms] [WARNING] ./app/lib/utils.ts
Attempted import error: 'changelogItems' is not exported from '#site/content' (imported as 'changelogItems').

Import trace for requested module:
./app/lib/utils.ts
./app/components/Photo.tsx @ webpack-internal:///(app-pages-browser)/./node_modules/next/dist/client/components/react-dev-overlay/app/hot-reloader-client.js:281
[ 3816805ms] [WARNING] ./app/lib/utils.ts
Attempted import error: 'posts' is not exported from '#site/content' (imported as 'posts').

Import trace for requested module:
./app/lib/utils.ts
./app/components/Photo.tsx @ webpack-internal:///(app-pages-browser)/./node_modules/next/dist/client/components/react-dev-overlay/app/hot-reloader-client.js:281
[ 3816805ms] [WARNING] ./app/lib/utils.ts
Attempted import error: 'changelogItems' is not exported from '#site/content' (imported as 'changelogItems').

Import trace for requested module:
./app/lib/utils.ts
./app/components/Photo.tsx @ webpack-internal:///(app-pages-browser)/./node_modules/next/dist/client/components/react-dev-overlay/app/hot-reloader-client.js:281
[ 3817024ms] [WARNING] ./app/lib/utils.ts
Attempted import error: 'changelogItems' is not exported from '#site/content' (imported as 'changelogItems').

Import trace for requested module:
./app/lib/utils.ts
./app/components/Photo.tsx @ webpack-internal:///(app-pages-browser)/./node_modules/next/dist/client/components/react-dev-overlay/app/hot-reloader-client.js:281
[ 3817024ms] [WARNING] ./app/lib/utils.ts
Attempted import error: 'posts' is not exported from '#site/content' (imported as 'posts').

Import trace for requested module:
./app/lib/utils.ts
./app/components/Photo.tsx @ webpack-internal:///(app-pages-browser)/./node_modules/next/dist/client/components/react-dev-overlay/app/hot-reloader-client.js:281
[ 3817024ms] [WARNING] ./app/lib/utils.ts
Attempted import error: 'changelogItems' is not exported from '#site/content' (imported as 'changelogItems').

Import trace for requested module:
./app/lib/utils.ts
./app/components/Photo.tsx @ webpack-internal:///(app-pages-browser)/./node_modules/next/dist/client/components/react-dev-overlay/app/hot-reloader-client.js:281
[ 3820069ms] [WARNING] The resource http://localhost:3000/_next/static/css/app/layout.css?v=1774152683804 was preloaded using link preload but not used within a few seconds from the window's load event. Please make sure it has an appropriate `as` value and it is preloaded intentionally. @ http://localhost:3000/:0
[ 3820069ms] [WARNING] The resource http://localhost:3000/_next/static/css/app/layout.css?v=1774152802786 was preloaded using link preload but not used within a few seconds from the window's load event. Please make sure it has an appropriate `as` value and it is preloaded intentionally. @ http://localhost:3000/:0
[ 3833322ms] [WARNING] ./app/lib/utils.ts
Attempted import error: 'changelogItems' is not exported from '#site/content' (imported as 'changelogItems').

Import trace for requested module:
./app/lib/utils.ts
./app/components/Photo.tsx @ webpack-internal:///(app-pages-browser)/./node_modules/next/dist/client/components/react-dev-overlay/app/hot-reloader-client.js:281
[ 3833322ms] [WARNING] ./app/lib/utils.ts
Attempted import error: 'posts' is not exported from '#site/content' (imported as 'posts').

Import trace for requested module:
./app/lib/utils.ts
./app/components/Photo.tsx @ webpack-internal:///(app-pages-browser)/./node_modules/next/dist/client/components/react-dev-overlay/app/hot-reloader-client.js:281
[ 3833322ms] [WARNING] ./app/lib/utils.ts
Attempted import error: 'changelogItems' is not exported from '#site/content' (imported as 'changelogItems').

Import trace for requested module:
./app/lib/utils.ts
./app/components/Photo.tsx @ webpack-internal:///(app-pages-browser)/./node_modules/next/dist/client/components/react-dev-overlay/app/hot-reloader-client.js:281
[ 3836376ms] [WARNING] The resource http://localhost:3000/_next/static/css/app/layout.css?v=1774152802786 was preloaded using link preload but not used within a few seconds from the window's load event. Please make sure it has an appropriate `as` value and it is preloaded intentionally. @ http://localhost:3000/:0
[ 3836376ms] [WARNING] The resource http://localhost:3000/_next/static/css/app/layout.css?v=1774152683804 was preloaded using link preload but not used within a few seconds from the window's load event. Please make sure it has an appropriate `as` value and it is preloaded intentionally. @ http://localhost:3000/:0
[ 3854247ms] [WARNING] ./app/lib/utils.ts
Attempted import error: 'changelogItems' is not exported from '#site/content' (imported as 'changelogItems').

Import trace for requested module:
./app/lib/utils.ts
./app/components/Photo.tsx @ webpack-internal:///(app-pages-browser)/./node_modules/next/dist/client/components/react-dev-overlay/app/hot-reloader-client.js:281
[ 3854247ms] [WARNING] ./app/lib/utils.ts
Attempted import error: 'posts' is not exported from '#site/content' (imported as 'posts').

Import trace for requested module:
./app/lib/utils.ts
./app/components/Photo.tsx @ webpack-internal:///(app-pages-browser)/./node_modules/next/dist/client/components/react-dev-overlay/app/hot-reloader-client.js:281
[ 3854247ms] [WARNING] ./app/lib/utils.ts
Attempted import error: 'changelogItems' is not exported from '#site/content' (imported as 'changelogItems').

Import trace for requested module:
./app/lib/utils.ts
./app/components/Photo.tsx @ webpack-internal:///(app-pages-browser)/./node_modules/next/dist/client/components/react-dev-overlay/app/hot-reloader-client.js:281
[ 3857329ms] [WARNING] The resource http://localhost:3000/_next/static/css/app/layout.css?v=1774152802786 was preloaded using link preload but not used within a few seconds from the window's load event. Please make sure it has an appropriate `as` value and it is preloaded intentionally. @ http://localhost:3000/:0
[ 3857329ms] [WARNING] The resource http://localhost:3000/_next/static/css/app/layout.css?v=1774152683804 was preloaded using link preload but not used within a few seconds from the window's load event. Please make sure it has an appropriate `as` value and it is preloaded intentionally. @ http://localhost:3000/:0
[ 3871520ms] [WARNING] ./app/lib/utils.ts
Attempted import error: 'changelogItems' is not exported from '#site/content' (imported as 'changelogItems').

Import trace for requested module:
./app/lib/utils.ts
./app/components/Photo.tsx @ webpack-internal:///(app-pages-browser)/./node_modules/next/dist/client/components/react-dev-overlay/app/hot-reloader-client.js:281
[ 3871520ms] [WARNING] ./app/lib/utils.ts
Attempted import error: 'posts' is not exported from '#site/content' (imported as 'posts').

Import trace for requested module:
./app/lib/utils.ts
./app/components/Photo.tsx @ webpack-internal:///(app-pages-browser)/./node_modules/next/dist/client/components/react-dev-overlay/app/hot-reloader-client.js:281
[ 3871520ms] [WARNING] ./app/lib/utils.ts
Attempted import error: 'changelogItems' is not exported from '#site/content' (imported as 'changelogItems').

Import trace for requested module:
./app/lib/utils.ts
./app/components/Photo.tsx @ webpack-internal:///(app-pages-browser)/./node_modules/next/dist/client/components/react-dev-overlay/app/hot-reloader-client.js:281
[ 3871765ms] [WARNING] ./app/lib/utils.ts
Attempted import error: 'changelogItems' is not exported from '#site/content' (imported as 'changelogItems').

Import trace for requested module:
./app/lib/utils.ts
./app/components/Photo.tsx @ webpack-internal:///(app-pages-browser)/./node_modules/next/dist/client/components/react-dev-overlay/app/hot-reloader-client.js:281
[ 3871765ms] [WARNING] ./app/lib/utils.ts
Attempted import error: 'posts' is not exported from '#site/content' (imported as 'posts').

Import trace for requested module:
./app/lib/utils.ts
./app/components/Photo.tsx @ webpack-internal:///(app-pages-browser)/./node_modules/next/dist/client/components/react-dev-overlay/app/hot-reloader-client.js:281
[ 3871765ms] [WARNING] ./app/lib/utils.ts
Attempted import error: 'changelogItems' is not exported from '#site/content' (imported as 'changelogItems').

Import trace for requested module:
./app/lib/utils.ts
./app/components/Photo.tsx @ webpack-internal:///(app-pages-browser)/./node_modules/next/dist/client/components/react-dev-overlay/app/hot-reloader-client.js:281
[ 3874807ms] [WARNING] The resource http://localhost:3000/_next/static/css/app/layout.css?v=1774152802786 was preloaded using link preload but not used within a few seconds from the window's load event. Please make sure it has an appropriate `as` value and it is preloaded intentionally. @ http://localhost:3000/:0
[ 3874807ms] [WARNING] The resource http://localhost:3000/_next/static/css/app/layout.css?v=1774152683804 was preloaded using link preload but not used within a few seconds from the window's load event. Please make sure it has an appropriate `as` value and it is preloaded intentionally. @ http://localhost:3000/:0
[ 3882445ms] [WARNING] ./app/lib/utils.ts
Attempted import error: 'changelogItems' is not exported from '#site/content' (imported as 'changelogItems').

Import trace for requested module:
./app/lib/utils.ts
./app/components/Photo.tsx @ webpack-internal:///(app-pages-browser)/./node_modules/next/dist/client/components/react-dev-overlay/app/hot-reloader-client.js:281
[ 3882445ms] [WARNING] ./app/lib/utils.ts
Attempted import error: 'posts' is not exported from '#site/content' (imported as 'posts').

Import trace for requested module:
./app/lib/utils.ts
./app/components/Photo.tsx @ webpack-internal:///(app-pages-browser)/./node_modules/next/dist/client/components/react-dev-overlay/app/hot-reloader-client.js:281
[ 3882445ms] [WARNING] ./app/lib/utils.ts
Attempted import error: 'changelogItems' is not exported from '#site/content' (imported as 'changelogItems').

Import trace for requested module:
./app/lib/utils.ts
./app/components/Photo.tsx @ webpack-internal:///(app-pages-browser)/./node_modules/next/dist/client/components/react-dev-overlay/app/hot-reloader-client.js:281
[ 3884635ms] [WARNING] ./app/lib/utils.ts
Attempted import error: 'changelogItems' is not exported from '#site/content' (imported as 'changelogItems'). @ webpack-internal:///(app-pages-browser)/./node_modules/next/dist/client/components/react-dev-overlay/app/hot-reloader-client.js:281
[ 3884635ms] [WARNING] ./app/lib/utils.ts
Attempted import error: 'posts' is not exported from '#site/content' (imported as 'posts'). @ webpack-internal:///(app-pages-browser)/./node_modules/next/dist/client/components/react-dev-overlay/app/hot-reloader-client.js:281
[ 3884635ms] [WARNING] ./app/lib/utils.ts
Attempted import error: 'changelogItems' is not exported from '#site/content' (imported as 'changelogItems'). @ webpack-internal:///(app-pages-browser)/./node_modules/next/dist/client/components/react-dev-overlay/app/hot-reloader-client.js:281
[ 3885497ms] [WARNING] The resource http://localhost:3000/_next/static/css/app/layout.css?v=1774152802786 was preloaded using link preload but not used within a few seconds from the window's load event. Please make sure it has an appropriate `as` value and it is preloaded intentionally. @ http://localhost:3000/:0
[ 3885497ms] [WARNING] The resource http://localhost:3000/_next/static/css/app/layout.css?v=1774152683804 was preloaded using link preload but not used within a few seconds from the window's load event. Please make sure it has an appropriate `as` value and it is preloaded intentionally. @ http://localhost:3000/:0
[ 3885636ms] [WARNING] ./app/lib/utils.ts
Attempted import error: 'changelogItems' is not exported from '#site/content' (imported as 'changelogItems').

Import trace for requested module:
./app/lib/utils.ts
./app/components/Photo.tsx @ webpack-internal:///(app-pages-browser)/./node_modules/next/dist/client/components/react-dev-overlay/app/hot-reloader-client.js:281
[ 3885636ms] [WARNING] ./app/lib/utils.ts
Attempted import error: 'posts' is not exported from '#site/content' (imported as 'posts').

Import trace for requested module:
./app/lib/utils.ts
./app/components/Photo.tsx @ webpack-internal:///(app-pages-browser)/./node_modules/next/dist/client/components/react-dev-overlay/app/hot-reloader-client.js:281
[ 3885636ms] [WARNING] ./app/lib/utils.ts
Attempted import error: 'changelogItems' is not exported from '#site/content' (imported as 'changelogItems').

Import trace for requested module:
./app/lib/utils.ts
./app/components/Photo.tsx @ webpack-internal:///(app-pages-browser)/./node_modules/next/dist/client/components/react-dev-overlay/app/hot-reloader-client.js:281
[ 3888748ms] [WARNING] The resource http://localhost:3000/_next/static/css/app/layout.css?v=1774152802786 was preloaded using link preload but not used within a few seconds from the window's load event. Please make sure it has an appropriate `as` value and it is preloaded intentionally. @ http://localhost:3000/:0
[ 3888748ms] [WARNING] The resource http://localhost:3000/_next/static/css/app/layout.css?v=1774152683804 was preloaded using link preload but not used within a few seconds from the window's load event. Please make sure it has an appropriate `as` value and it is preloaded intentionally. @ http://localhost:3000/:0
[ 3891751ms] [WARNING] ./app/lib/utils.ts
Attempted import error: 'changelogItems' is not exported from '#site/content' (imported as 'changelogItems').

Import trace for requested module:
./app/lib/utils.ts
./app/components/Photo.tsx @ webpack-internal:///(app-pages-browser)/./node_modules/next/dist/client/components/react-dev-overlay/app/hot-reloader-client.js:281
[ 3891752ms] [WARNING] ./app/lib/utils.ts
Attempted import error: 'posts' is not exported from '#site/content' (imported as 'posts').

Import trace for requested module:
./app/lib/utils.ts
./app/components/Photo.tsx @ webpack-internal:///(app-pages-browser)/./node_modules/next/dist/client/components/react-dev-overlay/app/hot-reloader-client.js:281
[ 3891752ms] [WARNING] ./app/lib/utils.ts
Attempted import error: 'changelogItems' is not exported from '#site/content' (imported as 'changelogItems').

Import trace for requested module:
./app/lib/utils.ts
./app/components/Photo.tsx @ webpack-internal:///(app-pages-browser)/./node_modules/next/dist/client/components/react-dev-overlay/app/hot-reloader-client.js:281
[ 3894789ms] [WARNING] The resource http://localhost:3000/_next/static/css/app/layout.css?v=1774152802786 was preloaded using link preload but not used within a few seconds from the window's load event. Please make sure it has an appropriate `as` value and it is preloaded intentionally. @ http://localhost:3000/:0
[ 3894790ms] [WARNING] The resource http://localhost:3000/_next/static/css/app/layout.css?v=1774152683804 was preloaded using link preload but not used within a few seconds from the window's load event. Please make sure it has an appropriate `as` value and it is preloaded intentionally. @ http://localhost:3000/:0
[ 3897417ms] [WARNING] ./app/lib/utils.ts
Attempted import error: 'changelogItems' is not exported from '#site/content' (imported as 'changelogItems').

Import trace for requested module:
./app/lib/utils.ts
./app/components/Photo.tsx @ webpack-internal:///(app-pages-browser)/./node_modules/next/dist/client/components/react-dev-overlay/app/hot-reloader-client.js:281
[ 3897417ms] [WARNING] ./app/lib/utils.ts
Attempted import error: 'posts' is not exported from '#site/content' (imported as 'posts').

Import trace for requested module:
./app/lib/utils.ts
./app/components/Photo.tsx @ webpack-internal:///(app-pages-browser)/./node_modules/next/dist/client/components/react-dev-overlay/app/hot-reloader-client.js:281
[ 3897417ms] [WARNING] ./app/lib/utils.ts
Attempted import error: 'changelogItems' is not exported from '#site/content' (imported as 'changelogItems').

Import trace for requested module:
./app/lib/utils.ts
./app/components/Photo.tsx @ webpack-internal:///(app-pages-browser)/./node_modules/next/dist/client/components/react-dev-overlay/app/hot-reloader-client.js:281
[ 3900456ms] [WARNING] The resource http://localhost:3000/_next/static/css/app/layout.css?v=1774152802786 was preloaded using link preload but not used within a few seconds from the window's load event. Please make sure it has an appropriate `as` value and it is preloaded intentionally. @ http://localhost:3000/:0
[ 3900456ms] [WARNING] The resource http://localhost:3000/_next/static/css/app/layout.css?v=1774152683804 was preloaded using link preload but not used within a few seconds from the window's load event. Please make sure it has an appropriate `as` value and it is preloaded intentionally. @ http://localhost:3000/:0
[ 3913564ms] [WARNING] ./app/lib/utils.ts
Attempted import error: 'changelogItems' is not exported from '#site/content' (imported as 'changelogItems').

Import trace for requested module:
./app/lib/utils.ts
./app/components/Photo.tsx @ webpack-internal:///(app-pages-browser)/./node_modules/next/dist/client/components/react-dev-overlay/app/hot-reloader-client.js:281
[ 3913564ms] [WARNING] ./app/lib/utils.ts
Attempted import error: 'posts' is not exported from '#site/content' (imported as 'posts').

Import trace for requested module:
./app/lib/utils.ts
./app/components/Photo.tsx @ webpack-internal:///(app-pages-browser)/./node_modules/next/dist/client/components/react-dev-overlay/app/hot-reloader-client.js:281
[ 3913564ms] [WARNING] ./app/lib/utils.ts
Attempted import error: 'changelogItems' is not exported from '#site/content' (imported as 'changelogItems').

Import trace for requested module:
./app/lib/utils.ts
./app/components/Photo.tsx @ webpack-internal:///(app-pages-browser)/./node_modules/next/dist/client/components/react-dev-overlay/app/hot-reloader-client.js:281
[ 3916606ms] [WARNING] The resource http://localhost:3000/_next/static/css/app/layout.css?v=1774152802786 was preloaded using link preload but not used within a few seconds from the window's load event. Please make sure it has an appropriate `as` value and it is preloaded intentionally. @ http://localhost:3000/:0
[ 3916606ms] [WARNING] The resource http://localhost:3000/_next/static/css/app/layout.css?v=1774152683804 was preloaded using link preload but not used within a few seconds from the window's load event. Please make sure it has an appropriate `as` value and it is preloaded intentionally. @ http://localhost:3000/:0
[ 3934138ms] [WARNING] ./app/lib/utils.ts
Attempted import error: 'changelogItems' is not exported from '#site/content' (imported as 'changelogItems').

Import trace for requested module:
./app/lib/utils.ts
./app/components/Photo.tsx @ webpack-internal:///(app-pages-browser)/./node_modules/next/dist/client/components/react-dev-overlay/app/hot-reloader-client.js:281
[ 3934138ms] [WARNING] ./app/lib/utils.ts
Attempted import error: 'posts' is not exported from '#site/content' (imported as 'posts').

Import trace for requested module:
./app/lib/utils.ts
./app/components/Photo.tsx @ webpack-internal:///(app-pages-browser)/./node_modules/next/dist/client/components/react-dev-overlay/app/hot-reloader-client.js:281
[ 3934138ms] [WARNING] ./app/lib/utils.ts
Attempted import error: 'changelogItems' is not exported from '#site/content' (imported as 'changelogItems').

Import trace for requested module:
./app/lib/utils.ts
./app/components/Photo.tsx @ webpack-internal:///(app-pages-browser)/./node_modules/next/dist/client/components/react-dev-overlay/app/hot-reloader-client.js:281
[ 3937231ms] [WARNING] The resource http://localhost:3000/_next/static/css/app/layout.css?v=1774152802786 was preloaded using link preload but not used within a few seconds from the window's load event. Please make sure it has an appropriate `as` value and it is preloaded intentionally. @ http://localhost:3000/:0
[ 3937231ms] [WARNING] The resource http://localhost:3000/_next/static/css/app/layout.css?v=1774152683804 was preloaded using link preload but not used within a few seconds from the window's load event. Please make sure it has an appropriate `as` value and it is preloaded intentionally. @ http://localhost:3000/:0
[ 3945644ms] [WARNING] ./app/lib/utils.ts
Attempted import error: 'changelogItems' is not exported from '#site/content' (imported as 'changelogItems').

Import trace for requested module:
./app/lib/utils.ts
./app/components/Photo.tsx @ webpack-internal:///(app-pages-browser)/./node_modules/next/dist/client/components/react-dev-overlay/app/hot-reloader-client.js:281
[ 3945644ms] [WARNING] ./app/lib/utils.ts
Attempted import error: 'posts' is not exported from '#site/content' (imported as 'posts').

Import trace for requested module:
./app/lib/utils.ts
./app/components/Photo.tsx @ webpack-internal:///(app-pages-browser)/./node_modules/next/dist/client/components/react-dev-overlay/app/hot-reloader-client.js:281
[ 3945644ms] [WARNING] ./app/lib/utils.ts
Attempted import error: 'changelogItems' is not exported from '#site/content' (imported as 'changelogItems').

Import trace for requested module:
./app/lib/utils.ts
./app/components/Photo.tsx @ webpack-internal:///(app-pages-browser)/./node_modules/next/dist/client/components/react-dev-overlay/app/hot-reloader-client.js:281
[ 3945886ms] [WARNING] ./app/lib/utils.ts
Attempted import error: 'changelogItems' is not exported from '#site/content' (imported as 'changelogItems').

Import trace for requested module:
./app/lib/utils.ts
./app/components/Photo.tsx @ webpack-internal:///(app-pages-browser)/./node_modules/next/dist/client/components/react-dev-overlay/app/hot-reloader-client.js:281
[ 3945886ms] [WARNING] ./app/lib/utils.ts
Attempted import error: 'posts' is not exported from '#site/content' (imported as 'posts').

Import trace for requested module:
./app/lib/utils.ts
./app/components/Photo.tsx @ webpack-internal:///(app-pages-browser)/./node_modules/next/dist/client/components/react-dev-overlay/app/hot-reloader-client.js:281
[ 3945886ms] [WARNING] ./app/lib/utils.ts
Attempted import error: 'changelogItems' is not exported from '#site/content' (imported as 'changelogItems').

Import trace for requested module:
./app/lib/utils.ts
./app/components/Photo.tsx @ webpack-internal:///(app-pages-browser)/./node_modules/next/dist/client/components/react-dev-overlay/app/hot-reloader-client.js:281
[ 3948931ms] [WARNING] The resource http://localhost:3000/_next/static/css/app/layout.css?v=1774152802786 was preloaded using link preload but not used within a few seconds from the window's load event. Please make sure it has an appropriate `as` value and it is preloaded intentionally. @ http://localhost:3000/:0
[ 3948931ms] [WARNING] The resource http://localhost:3000/_next/static/css/app/layout.css?v=1774152683804 was preloaded using link preload but not used within a few seconds from the window's load event. Please make sure it has an appropriate `as` value and it is preloaded intentionally. @ http://localhost:3000/:0
[ 3957564ms] [WARNING] ./app/lib/utils.ts
Attempted import error: 'changelogItems' is not exported from '#site/content' (imported as 'changelogItems').

Import trace for requested module:
./app/lib/utils.ts
./app/components/Photo.tsx @ webpack-internal:///(app-pages-browser)/./node_modules/next/dist/client/components/react-dev-overlay/app/hot-reloader-client.js:281
[ 3957565ms] [WARNING] ./app/lib/utils.ts
Attempted import error: 'posts' is not exported from '#site/content' (imported as 'posts').

Import trace for requested module:
./app/lib/utils.ts
./app/components/Photo.tsx @ webpack-internal:///(app-pages-browser)/./node_modules/next/dist/client/components/react-dev-overlay/app/hot-reloader-client.js:281
[ 3957565ms] [WARNING] ./app/lib/utils.ts
Attempted import error: 'changelogItems' is not exported from '#site/content' (imported as 'changelogItems').

Import trace for requested module:
./app/lib/utils.ts
./app/components/Photo.tsx @ webpack-internal:///(app-pages-browser)/./node_modules/next/dist/client/components/react-dev-overlay/app/hot-reloader-client.js:281
[ 3960600ms] [WARNING] The resource http://localhost:3000/_next/static/css/app/layout.css?v=1774152802786 was preloaded using link preload but not used within a few seconds from the window's load event. Please make sure it has an appropriate `as` value and it is preloaded intentionally. @ http://localhost:3000/:0
[ 3960600ms] [WARNING] The resource http://localhost:3000/_next/static/css/app/layout.css?v=1774152683804 was preloaded using link preload but not used within a few seconds from the window's load event. Please make sure it has an appropriate `as` value and it is preloaded intentionally. @ http://localhost:3000/:0
[ 4028236ms] [WARNING] ./app/lib/utils.ts
Attempted import error: 'changelogItems' is not exported from '#site/content' (imported as 'changelogItems').

Import trace for requested module:
./app/lib/utils.ts
./app/components/Photo.tsx @ webpack-internal:///(app-pages-browser)/./node_modules/next/dist/client/components/react-dev-overlay/app/hot-reloader-client.js:281
[ 4028236ms] [WARNING] ./app/lib/utils.ts
Attempted import error: 'posts' is not exported from '#site/content' (imported as 'posts').

Import trace for requested module:
./app/lib/utils.ts
./app/components/Photo.tsx @ webpack-internal:///(app-pages-browser)/./node_modules/next/dist/client/components/react-dev-overlay/app/hot-reloader-client.js:281
[ 4028236ms] [WARNING] ./app/lib/utils.ts
Attempted import error: 'changelogItems' is not exported from '#site/content' (imported as 'changelogItems').

Import trace for requested module:
./app/lib/utils.ts
./app/components/Photo.tsx @ webpack-internal:///(app-pages-browser)/./node_modules/next/dist/client/components/react-dev-overlay/app/hot-reloader-client.js:281
[ 4031315ms] [WARNING] The resource http://localhost:3000/_next/static/css/app/layout.css?v=1774152802786 was preloaded using link preload but not used within a few seconds from the window's load event. Please make sure it has an appropriate `as` value and it is preloaded intentionally. @ http://localhost:3000/:0
[ 4031315ms] [WARNING] The resource http://localhost:3000/_next/static/css/app/layout.css?v=1774152683804 was preloaded using link preload but not used within a few seconds from the window's load event. Please make sure it has an appropriate `as` value and it is preloaded intentionally. @ http://localhost:3000/:0
[ 4031779ms] [WARNING] ./app/lib/utils.ts
Attempted import error: 'changelogItems' is not exported from '#site/content' (imported as 'changelogItems').

Import trace for requested module:
./app/lib/utils.ts
./app/components/Photo.tsx @ webpack-internal:///(app-pages-browser)/./node_modules/next/dist/client/components/react-dev-overlay/app/hot-reloader-client.js:281
[ 4031779ms] [WARNING] ./app/lib/utils.ts
Attempted import error: 'posts' is not exported from '#site/content' (imported as 'posts').

Import trace for requested module:
./app/lib/utils.ts
./app/components/Photo.tsx @ webpack-internal:///(app-pages-browser)/./node_modules/next/dist/client/components/react-dev-overlay/app/hot-reloader-client.js:281
[ 4031779ms] [WARNING] ./app/lib/utils.ts
Attempted import error: 'changelogItems' is not exported from '#site/content' (imported as 'changelogItems').

Import trace for requested module:
./app/lib/utils.ts
./app/components/Photo.tsx @ webpack-internal:///(app-pages-browser)/./node_modules/next/dist/client/components/react-dev-overlay/app/hot-reloader-client.js:281
[ 4034818ms] [WARNING] The resource http://localhost:3000/_next/static/css/app/layout.css?v=1774152802786 was preloaded using link preload but not used within a few seconds from the window's load event. Please make sure it has an appropriate `as` value and it is preloaded intentionally. @ http://localhost:3000/:0
[ 4034818ms] [WARNING] The resource http://localhost:3000/_next/static/css/app/layout.css?v=1774152683804 was preloaded using link preload but not used within a few seconds from the window's load event. Please make sure it has an appropriate `as` value and it is preloaded intentionally. @ http://localhost:3000/:0
[ 4038290ms] [WARNING] ./app/lib/utils.ts
Attempted import error: 'changelogItems' is not exported from '#site/content' (imported as 'changelogItems').

Import trace for requested module:
./app/lib/utils.ts
./app/components/Photo.tsx @ webpack-internal:///(app-pages-browser)/./node_modules/next/dist/client/components/react-dev-overlay/app/hot-reloader-client.js:281
[ 4038290ms] [WARNING] ./app/lib/utils.ts
Attempted import error: 'posts' is not exported from '#site/content' (imported as 'posts').

Import trace for requested module:
./app/lib/utils.ts
./app/components/Photo.tsx @ webpack-internal:///(app-pages-browser)/./node_modules/next/dist/client/components/react-dev-overlay/app/hot-reloader-client.js:281
[ 4038290ms] [WARNING] ./app/lib/utils.ts
Attempted import error: 'changelogItems' is not exported from '#site/content' (imported as 'changelogItems').

Import trace for requested module:
./app/lib/utils.ts
./app/components/Photo.tsx @ webpack-internal:///(app-pages-browser)/./node_modules/next/dist/client/components/react-dev-overlay/app/hot-reloader-client.js:281
[ 4041330ms] [WARNING] The resource http://localhost:3000/_next/static/css/app/layout.css?v=1774152802786 was preloaded using link preload but not used within a few seconds from the window's load event. Please make sure it has an appropriate `as` value and it is preloaded intentionally. @ http://localhost:3000/:0
[ 4041330ms] [WARNING] The resource http://localhost:3000/_next/static/css/app/layout.css?v=1774152683804 was preloaded using link preload but not used within a few seconds from the window's load event. Please make sure it has an appropriate `as` value and it is preloaded intentionally. @ http://localhost:3000/:0
[ 4042152ms] [WARNING] ./app/lib/utils.ts
Attempted import error: 'changelogItems' is not exported from '#site/content' (imported as 'changelogItems').

Import trace for requested module:
./app/lib/utils.ts
./app/components/Photo.tsx @ webpack-internal:///(app-pages-browser)/./node_modules/next/dist/client/components/react-dev-overlay/app/hot-reloader-client.js:281
[ 4042152ms] [WARNING] ./app/lib/utils.ts
Attempted import error: 'posts' is not exported from '#site/content' (imported as 'posts').

Import trace for requested module:
./app/lib/utils.ts
./app/components/Photo.tsx @ webpack-internal:///(app-pages-browser)/./node_modules/next/dist/client/components/react-dev-overlay/app/hot-reloader-client.js:281
[ 4042152ms] [WARNING] ./app/lib/utils.ts
Attempted import error: 'changelogItems' is not exported from '#site/content' (imported as 'changelogItems').

Import trace for requested module:
./app/lib/utils.ts
./app/components/Photo.tsx @ webpack-internal:///(app-pages-browser)/./node_modules/next/dist/client/components/react-dev-overlay/app/hot-reloader-client.js:281
[ 4045192ms] [WARNING] The resource http://localhost:3000/_next/static/css/app/layout.css?v=1774152802786 was preloaded using link preload but not used within a few seconds from the window's load event. Please make sure it has an appropriate `as` value and it is preloaded intentionally. @ http://localhost:3000/:0
[ 4045192ms] [WARNING] The resource http://localhost:3000/_next/static/css/app/layout.css?v=1774152683804 was preloaded using link preload but not used within a few seconds from the window's load event. Please make sure it has an appropriate `as` value and it is preloaded intentionally. @ http://localhost:3000/:0
[ 4282814ms] [WARNING] ./app/lib/utils.ts
Attempted import error: 'changelogItems' is not exported from '#site/content' (imported as 'changelogItems').

Import trace for requested module:
./app/lib/utils.ts
./app/components/Photo.tsx @ webpack-internal:///(app-pages-browser)/./node_modules/next/dist/client/components/react-dev-overlay/app/hot-reloader-client.js:281
[ 4282814ms] [WARNING] ./app/lib/utils.ts
Attempted import error: 'posts' is not exported from '#site/content' (imported as 'posts').

Import trace for requested module:
./app/lib/utils.ts
./app/components/Photo.tsx @ webpack-internal:///(app-pages-browser)/./node_modules/next/dist/client/components/react-dev-overlay/app/hot-reloader-client.js:281
[ 4282814ms] [WARNING] ./app/lib/utils.ts
Attempted import error: 'changelogItems' is not exported from '#site/content' (imported as 'changelogItems').

Import trace for requested module:
./app/lib/utils.ts
./app/components/Photo.tsx @ webpack-internal:///(app-pages-browser)/./node_modules/next/dist/client/components/react-dev-overlay/app/hot-reloader-client.js:281
[ 4285889ms] [WARNING] The resource http://localhost:3000/_next/static/css/app/layout.css?v=1774152802786 was preloaded using link preload but not used within a few seconds from the window's load event. Please make sure it has an appropriate `as` value and it is preloaded intentionally. @ http://localhost:3000/:0
[ 4285889ms] [WARNING] The resource http://localhost:3000/_next/static/css/app/layout.css?v=1774152683804 was preloaded using link preload but not used within a few seconds from the window's load event. Please make sure it has an appropriate `as` value and it is preloaded intentionally. @ http://localhost:3000/:0
[ 4288552ms] [WARNING] ./app/lib/utils.ts
Attempted import error: 'changelogItems' is not exported from '#site/content' (imported as 'changelogItems').

Import trace for requested module:
./app/lib/utils.ts
./app/components/Photo.tsx @ webpack-internal:///(app-pages-browser)/./node_modules/next/dist/client/components/react-dev-overlay/app/hot-reloader-client.js:281
[ 4288552ms] [WARNING] ./app/lib/utils.ts
Attempted import error: 'posts' is not exported from '#site/content' (imported as 'posts').

Import trace for requested module:
./app/lib/utils.ts
./app/components/Photo.tsx @ webpack-internal:///(app-pages-browser)/./node_modules/next/dist/client/components/react-dev-overlay/app/hot-reloader-client.js:281
[ 4288552ms] [WARNING] ./app/lib/utils.ts
Attempted import error: 'changelogItems' is not exported from '#site/content' (imported as 'changelogItems').

Import trace for requested module:
./app/lib/utils.ts
./app/components/Photo.tsx @ webpack-internal:///(app-pages-browser)/./node_modules/next/dist/client/components/react-dev-overlay/app/hot-reloader-client.js:281
[ 4291589ms] [WARNING] The resource http://localhost:3000/_next/static/css/app/layout.css?v=1774152802786 was preloaded using link preload but not used within a few seconds from the window's load event. Please make sure it has an appropriate `as` value and it is preloaded intentionally. @ http://localhost:3000/:0
[ 4291589ms] [WARNING] The resource http://localhost:3000/_next/static/css/app/layout.css?v=1774152683804 was preloaded using link preload but not used within a few seconds from the window's load event. Please make sure it has an appropriate `as` value and it is preloaded intentionally. @ http://localhost:3000/:0
[ 4330858ms] [WARNING] ./app/lib/utils.ts
Attempted import error: 'changelogItems' is not exported from '#site/content' (imported as 'changelogItems').

Import trace for requested module:
./app/lib/utils.ts
./app/components/Photo.tsx @ webpack-internal:///(app-pages-browser)/./node_modules/next/dist/client/components/react-dev-overlay/app/hot-reloader-client.js:281
[ 4330858ms] [WARNING] ./app/lib/utils.ts
Attempted import error: 'posts' is not exported from '#site/content' (imported as 'posts').

Import trace for requested module:
./app/lib/utils.ts
./app/components/Photo.tsx @ webpack-internal:///(app-pages-browser)/./node_modules/next/dist/client/components/react-dev-overlay/app/hot-reloader-client.js:281
[ 4330858ms] [WARNING] ./app/lib/utils.ts
Attempted import error: 'changelogItems' is not exported from '#site/content' (imported as 'changelogItems').

Import trace for requested module:
./app/lib/utils.ts
./app/components/Photo.tsx @ webpack-internal:///(app-pages-browser)/./node_modules/next/dist/client/components/react-dev-overlay/app/hot-reloader-client.js:281
[ 4333895ms] [WARNING] The resource http://localhost:3000/_next/static/css/app/layout.css?v=1774152802786 was preloaded using link preload but not used within a few seconds from the window's load event. Please make sure it has an appropriate `as` value and it is preloaded intentionally. @ http://localhost:3000/:0
[ 4333896ms] [WARNING] The resource http://localhost:3000/_next/static/css/app/layout.css?v=1774152683804 was preloaded using link preload but not used within a few seconds from the window's load event. Please make sure it has an appropriate `as` value and it is preloaded intentionally. @ http://localhost:3000/:0
[ 4334241ms] [WARNING] ./app/lib/utils.ts
Attempted import error: 'changelogItems' is not exported from '#site/content' (imported as 'changelogItems').

Import trace for requested module:
./app/lib/utils.ts
./app/components/Photo.tsx @ webpack-internal:///(app-pages-browser)/./node_modules/next/dist/client/components/react-dev-overlay/app/hot-reloader-client.js:281
[ 4334241ms] [WARNING] ./app/lib/utils.ts
Attempted import error: 'posts' is not exported from '#site/content' (imported as 'posts').

Import trace for requested module:
./app/lib/utils.ts
./app/components/Photo.tsx @ webpack-internal:///(app-pages-browser)/./node_modules/next/dist/client/components/react-dev-overlay/app/hot-reloader-client.js:281
[ 4334241ms] [WARNING] ./app/lib/utils.ts
Attempted import error: 'changelogItems' is not exported from '#site/content' (imported as 'changelogItems').

Import trace for requested module:
./app/lib/utils.ts
./app/components/Photo.tsx @ webpack-internal:///(app-pages-browser)/./node_modules/next/dist/client/components/react-dev-overlay/app/hot-reloader-client.js:281
[ 4337318ms] [WARNING] The resource http://localhost:3000/_next/static/css/app/layout.css?v=1774152802786 was preloaded using link preload but not used within a few seconds from the window's load event. Please make sure it has an appropriate `as` value and it is preloaded intentionally. @ http://localhost:3000/:0
[ 4337318ms] [WARNING] The resource http://localhost:3000/_next/static/css/app/layout.css?v=1774152683804 was preloaded using link preload but not used within a few seconds from the window's load event. Please make sure it has an appropriate `as` value and it is preloaded intentionally. @ http://localhost:3000/:0
[ 4344588ms] [WARNING] ./app/lib/utils.ts
Attempted import error: 'changelogItems' is not exported from '#site/content' (imported as 'changelogItems').

Import trace for requested module:
./app/lib/utils.ts
./app/components/Photo.tsx @ webpack-internal:///(app-pages-browser)/./node_modules/next/dist/client/components/react-dev-overlay/app/hot-reloader-client.js:281
[ 4344588ms] [WARNING] ./app/lib/utils.ts
Attempted import error: 'posts' is not exported from '#site/content' (imported as 'posts').

Import trace for requested module:
./app/lib/utils.ts
./app/components/Photo.tsx @ webpack-internal:///(app-pages-browser)/./node_modules/next/dist/client/components/react-dev-overlay/app/hot-reloader-client.js:281
[ 4344588ms] [WARNING] ./app/lib/utils.ts
Attempted import error: 'changelogItems' is not exported from '#site/content' (imported as 'changelogItems').

Import trace for requested module:
./app/lib/utils.ts
./app/components/Photo.tsx @ webpack-internal:///(app-pages-browser)/./node_modules/next/dist/client/components/react-dev-overlay/app/hot-reloader-client.js:281
[ 4347421ms] [WARNING] ./app/lib/utils.ts
Attempted import error: 'changelogItems' is not exported from '#site/content' (imported as 'changelogItems'). @ webpack-internal:///(app-pages-browser)/./node_modules/next/dist/client/components/react-dev-overlay/app/hot-reloader-client.js:281
[ 4347422ms] [WARNING] ./app/lib/utils.ts
Attempted import error: 'posts' is not exported from '#site/content' (imported as 'posts'). @ webpack-internal:///(app-pages-browser)/./node_modules/next/dist/client/components/react-dev-overlay/app/hot-reloader-client.js:281
[ 4347422ms] [WARNING] ./app/lib/utils.ts
Attempted import error: 'changelogItems' is not exported from '#site/content' (imported as 'changelogItems'). @ webpack-internal:///(app-pages-browser)/./node_modules/next/dist/client/components/react-dev-overlay/app/hot-reloader-client.js:281
[ 4347626ms] [WARNING] The resource http://localhost:3000/_next/static/css/app/layout.css?v=1774152802786 was preloaded using link preload but not used within a few seconds from the window's load event. Please make sure it has an appropriate `as` value and it is preloaded intentionally. @ http://localhost:3000/:0
[ 4347626ms] [WARNING] The resource http://localhost:3000/_next/static/css/app/layout.css?v=1774152683804 was preloaded using link preload but not used within a few seconds from the window's load event. Please make sure it has an appropriate `as` value and it is preloaded intentionally. @ http://localhost:3000/:0
[ 4368919ms] [WARNING] ./app/lib/utils.ts
Attempted import error: 'changelogItems' is not exported from '#site/content' (imported as 'changelogItems').

Import trace for requested module:
./app/lib/utils.ts
./app/components/Photo.tsx @ webpack-internal:///(app-pages-browser)/./node_modules/next/dist/client/components/react-dev-overlay/app/hot-reloader-client.js:281
[ 4368919ms] [WARNING] ./app/lib/utils.ts
Attempted import error: 'posts' is not exported from '#site/content' (imported as 'posts').

Import trace for requested module:
./app/lib/utils.ts
./app/components/Photo.tsx @ webpack-internal:///(app-pages-browser)/./node_modules/next/dist/client/components/react-dev-overlay/app/hot-reloader-client.js:281
[ 4368919ms] [WARNING] ./app/lib/utils.ts
Attempted import error: 'changelogItems' is not exported from '#site/content' (imported as 'changelogItems').

Import trace for requested module:
./app/lib/utils.ts
./app/components/Photo.tsx @ webpack-internal:///(app-pages-browser)/./node_modules/next/dist/client/components/react-dev-overlay/app/hot-reloader-client.js:281
[ 4371959ms] [WARNING] The resource http://localhost:3000/_next/static/css/app/layout.css?v=1774152802786 was preloaded using link preload but not used within a few seconds from the window's load event. Please make sure it has an appropriate `as` value and it is preloaded intentionally. @ http://localhost:3000/:0
[ 4371959ms] [WARNING] The resource http://localhost:3000/_next/static/css/app/layout.css?v=1774152683804 was preloaded using link preload but not used within a few seconds from the window's load event. Please make sure it has an appropriate `as` value and it is preloaded intentionally. @ http://localhost:3000/:0
[ 4374040ms] [WARNING] ./app/lib/utils.ts
Attempted import error: 'changelogItems' is not exported from '#site/content' (imported as 'changelogItems').

Import trace for requested module:
./app/lib/utils.ts
./app/components/Photo.tsx @ webpack-internal:///(app-pages-browser)/./node_modules/next/dist/client/components/react-dev-overlay/app/hot-reloader-client.js:281
[ 4374040ms] [WARNING] ./app/lib/utils.ts
Attempted import error: 'posts' is not exported from '#site/content' (imported as 'posts').

Import trace for requested module:
./app/lib/utils.ts
./app/components/Photo.tsx @ webpack-internal:///(app-pages-browser)/./node_modules/next/dist/client/components/react-dev-overlay/app/hot-reloader-client.js:281
[ 4374040ms] [WARNING] ./app/lib/utils.ts
Attempted import error: 'changelogItems' is not exported from '#site/content' (imported as 'changelogItems').

Import trace for requested module:
./app/lib/utils.ts
./app/components/Photo.tsx @ webpack-internal:///(app-pages-browser)/./node_modules/next/dist/client/components/react-dev-overlay/app/hot-reloader-client.js:281
[ 4377113ms] [WARNING] The resource http://localhost:3000/_next/static/css/app/layout.css?v=1774152802786 was preloaded using link preload but not used within a few seconds from the window's load event. Please make sure it has an appropriate `as` value and it is preloaded intentionally. @ http://localhost:3000/:0
[ 4377113ms] [WARNING] The resource http://localhost:3000/_next/static/css/app/layout.css?v=1774152683804 was preloaded using link preload but not used within a few seconds from the window's load event. Please make sure it has an appropriate `as` value and it is preloaded intentionally. @ http://localhost:3000/:0
[ 4647343ms] [WARNING] ./app/lib/utils.ts
Attempted import error: 'changelogItems' is not exported from '#site/content' (imported as 'changelogItems'). @ webpack-internal:///(app-pages-browser)/./node_modules/next/dist/client/components/react-dev-overlay/app/hot-reloader-client.js:281
[ 4647343ms] [WARNING] ./app/lib/utils.ts
Attempted import error: 'posts' is not exported from '#site/content' (imported as 'posts'). @ webpack-internal:///(app-pages-browser)/./node_modules/next/dist/client/components/react-dev-overlay/app/hot-reloader-client.js:281
[ 4647343ms] [WARNING] ./app/lib/utils.ts
Attempted import error: 'changelogItems' is not exported from '#site/content' (imported as 'changelogItems'). @ webpack-internal:///(app-pages-browser)/./node_modules/next/dist/client/components/react-dev-overlay/app/hot-reloader-client.js:281
[ 4652001ms] [WARNING] ./app/lib/utils.ts
Attempted import error: 'changelogItems' is not exported from '#site/content' (imported as 'changelogItems').

Import trace for requested module:
./app/lib/utils.ts
./app/components/Photo.tsx @ webpack-internal:///(app-pages-browser)/./node_modules/next/dist/client/components/react-dev-overlay/app/hot-reloader-client.js:281
[ 4652001ms] [WARNING] ./app/lib/utils.ts
Attempted import error: 'posts' is not exported from '#site/content' (imported as 'posts').

Import trace for requested module:
./app/lib/utils.ts
./app/components/Photo.tsx @ webpack-internal:///(app-pages-browser)/./node_modules/next/dist/client/components/react-dev-overlay/app/hot-reloader-client.js:281
[ 4652001ms] [WARNING] ./app/lib/utils.ts
Attempted import error: 'changelogItems' is not exported from '#site/content' (imported as 'changelogItems').

Import trace for requested module:
./app/lib/utils.ts
./app/components/Photo.tsx @ webpack-internal:///(app-pages-browser)/./node_modules/next/dist/client/components/react-dev-overlay/app/hot-reloader-client.js:281
[ 4655093ms] [WARNING] The resource http://localhost:3000/_next/static/css/app/layout.css?v=1774152802786 was preloaded using link preload but not used within a few seconds from the window's load event. Please make sure it has an appropriate `as` value and it is preloaded intentionally. @ http://localhost:3000/:0
[ 4655093ms] [WARNING] The resource http://localhost:3000/_next/static/css/app/layout.css?v=1774152683804 was preloaded using link preload but not used within a few seconds from the window's load event. Please make sure it has an appropriate `as` value and it is preloaded intentionally. @ http://localhost:3000/:0
[ 4659911ms] [WARNING] ./app/lib/utils.ts
Attempted import error: 'changelogItems' is not exported from '#site/content' (imported as 'changelogItems').

Import trace for requested module:
./app/lib/utils.ts
./app/components/Photo.tsx @ webpack-internal:///(app-pages-browser)/./node_modules/next/dist/client/components/react-dev-overlay/app/hot-reloader-client.js:281
[ 4659911ms] [WARNING] ./app/lib/utils.ts
Attempted import error: 'posts' is not exported from '#site/content' (imported as 'posts').

Import trace for requested module:
./app/lib/utils.ts
./app/components/Photo.tsx @ webpack-internal:///(app-pages-browser)/./node_modules/next/dist/client/components/react-dev-overlay/app/hot-reloader-client.js:281
[ 4659911ms] [WARNING] ./app/lib/utils.ts
Attempted import error: 'changelogItems' is not exported from '#site/content' (imported as 'changelogItems').

Import trace for requested module:
./app/lib/utils.ts
./app/components/Photo.tsx @ webpack-internal:///(app-pages-browser)/./node_modules/next/dist/client/components/react-dev-overlay/app/hot-reloader-client.js:281
[ 4662952ms] [WARNING] The resource http://localhost:3000/_next/static/css/app/layout.css?v=1774152802786 was preloaded using link preload but not used within a few seconds from the window's load event. Please make sure it has an appropriate `as` value and it is preloaded intentionally. @ http://localhost:3000/:0
[ 4662952ms] [WARNING] The resource http://localhost:3000/_next/static/css/app/layout.css?v=1774152683804 was preloaded using link preload but not used within a few seconds from the window's load event. Please make sure it has an appropriate `as` value and it is preloaded intentionally. @ http://localhost:3000/:0
[ 4668493ms] [WARNING] ./app/lib/utils.ts
Attempted import error: 'changelogItems' is not exported from '#site/content' (imported as 'changelogItems').

Import trace for requested module:
./app/lib/utils.ts
./app/components/Photo.tsx @ webpack-internal:///(app-pages-browser)/./node_modules/next/dist/client/components/react-dev-overlay/app/hot-reloader-client.js:281
[ 4668493ms] [WARNING] ./app/lib/utils.ts
Attempted import error: 'posts' is not exported from '#site/content' (imported as 'posts').

Import trace for requested module:
./app/lib/utils.ts
./app/components/Photo.tsx @ webpack-internal:///(app-pages-browser)/./node_modules/next/dist/client/components/react-dev-overlay/app/hot-reloader-client.js:281
[ 4668493ms] [WARNING] ./app/lib/utils.ts
Attempted import error: 'changelogItems' is not exported from '#site/content' (imported as 'changelogItems').

Import trace for requested module:
./app/lib/utils.ts
./app/components/Photo.tsx @ webpack-internal:///(app-pages-browser)/./node_modules/next/dist/client/components/react-dev-overlay/app/hot-reloader-client.js:281
[ 4671531ms] [WARNING] The resource http://localhost:3000/_next/static/css/app/layout.css?v=1774152802786 was preloaded using link preload but not used within a few seconds from the window's load event. Please make sure it has an appropriate `as` value and it is preloaded intentionally. @ http://localhost:3000/:0
[ 4671531ms] [WARNING] The resource http://localhost:3000/_next/static/css/app/layout.css?v=1774152683804 was preloaded using link preload but not used within a few seconds from the window's load event. Please make sure it has an appropriate `as` value and it is preloaded intentionally. @ http://localhost:3000/:0
[ 4743360ms] [WARNING] ./app/lib/utils.ts
Attempted import error: 'changelogItems' is not exported from '#site/content' (imported as 'changelogItems').

Import trace for requested module:
./app/lib/utils.ts
./app/components/Photo.tsx @ webpack-internal:///(app-pages-browser)/./node_modules/next/dist/client/components/react-dev-overlay/app/hot-reloader-client.js:281
[ 4743361ms] [WARNING] ./app/lib/utils.ts
Attempted import error: 'posts' is not exported from '#site/content' (imported as 'posts').

Import trace for requested module:
./app/lib/utils.ts
./app/components/Photo.tsx @ webpack-internal:///(app-pages-browser)/./node_modules/next/dist/client/components/react-dev-overlay/app/hot-reloader-client.js:281
[ 4743361ms] [WARNING] ./app/lib/utils.ts
Attempted import error: 'changelogItems' is not exported from '#site/content' (imported as 'changelogItems').

Import trace for requested module:
./app/lib/utils.ts
./app/components/Photo.tsx @ webpack-internal:///(app-pages-browser)/./node_modules/next/dist/client/components/react-dev-overlay/app/hot-reloader-client.js:281
[ 4746439ms] [WARNING] The resource http://localhost:3000/_next/static/css/app/layout.css?v=1774152802786 was preloaded using link preload but not used within a few seconds from the window's load event. Please make sure it has an appropriate `as` value and it is preloaded intentionally. @ http://localhost:3000/:0
[ 4746439ms] [WARNING] The resource http://localhost:3000/_next/static/css/app/layout.css?v=1774152683804 was preloaded using link preload but not used within a few seconds from the window's load event. Please make sure it has an appropriate `as` value and it is preloaded intentionally. @ http://localhost:3000/:0
[ 4893031ms] [WARNING] ./app/lib/utils.ts
Attempted import error: 'changelogItems' is not exported from '#site/content' (imported as 'changelogItems').

Import trace for requested module:
./app/lib/utils.ts
./app/components/Photo.tsx @ webpack-internal:///(app-pages-browser)/./node_modules/next/dist/client/components/react-dev-overlay/app/hot-reloader-client.js:281
[ 4893031ms] [WARNING] ./app/lib/utils.ts
Attempted import error: 'posts' is not exported from '#site/content' (imported as 'posts').

Import trace for requested module:
./app/lib/utils.ts
./app/components/Photo.tsx @ webpack-internal:///(app-pages-browser)/./node_modules/next/dist/client/components/react-dev-overlay/app/hot-reloader-client.js:281
[ 4893031ms] [WARNING] ./app/lib/utils.ts
Attempted import error: 'changelogItems' is not exported from '#site/content' (imported as 'changelogItems').

Import trace for requested module:
./app/lib/utils.ts
./app/components/Photo.tsx @ webpack-internal:///(app-pages-browser)/./node_modules/next/dist/client/components/react-dev-overlay/app/hot-reloader-client.js:281
[ 4896109ms] [WARNING] The resource http://localhost:3000/_next/static/css/app/layout.css?v=1774152802786 was preloaded using link preload but not used within a few seconds from the window's load event. Please make sure it has an appropriate `as` value and it is preloaded intentionally. @ http://localhost:3000/:0
[ 4896109ms] [WARNING] The resource http://localhost:3000/_next/static/css/app/layout.css?v=1774152683804 was preloaded using link preload but not used within a few seconds from the window's load event. Please make sure it has an appropriate `as` value and it is preloaded intentionally. @ http://localhost:3000/:0
[ 4898571ms] [WARNING] ./app/lib/utils.ts
Attempted import error: 'changelogItems' is not exported from '#site/content' (imported as 'changelogItems').

Import trace for requested module:
./app/lib/utils.ts
./app/components/Photo.tsx @ webpack-internal:///(app-pages-browser)/./node_modules/next/dist/client/components/react-dev-overlay/app/hot-reloader-client.js:281
[ 4898571ms] [WARNING] ./app/lib/utils.ts
Attempted import error: 'posts' is not exported from '#site/content' (imported as 'posts').

Import trace for requested module:
./app/lib/utils.ts
./app/components/Photo.tsx @ webpack-internal:///(app-pages-browser)/./node_modules/next/dist/client/components/react-dev-overlay/app/hot-reloader-client.js:281
[ 4898571ms] [WARNING] ./app/lib/utils.ts
Attempted import error: 'changelogItems' is not exported from '#site/content' (imported as 'changelogItems').

Import trace for requested module:
./app/lib/utils.ts
./app/components/Photo.tsx @ webpack-internal:///(app-pages-browser)/./node_modules/next/dist/client/components/react-dev-overlay/app/hot-reloader-client.js:281
[ 4901607ms] [WARNING] The resource http://localhost:3000/_next/static/css/app/layout.css?v=1774152802786 was preloaded using link preload but not used within a few seconds from the window's load event. Please make sure it has an appropriate `as` value and it is preloaded intentionally. @ http://localhost:3000/:0
[ 4901607ms] [WARNING] The resource http://localhost:3000/_next/static/css/app/layout.css?v=1774152683804 was preloaded using link preload but not used within a few seconds from the window's load event. Please make sure it has an appropriate `as` value and it is preloaded intentionally. @ http://localhost:3000/:0
[ 4902420ms] [WARNING] ./app/lib/utils.ts
Attempted import error: 'changelogItems' is not exported from '#site/content' (imported as 'changelogItems').

Import trace for requested module:
./app/lib/utils.ts
./app/components/Photo.tsx @ webpack-internal:///(app-pages-browser)/./node_modules/next/dist/client/components/react-dev-overlay/app/hot-reloader-client.js:281
[ 4902420ms] [WARNING] ./app/lib/utils.ts
Attempted import error: 'posts' is not exported from '#site/content' (imported as 'posts').

Import trace for requested module:
./app/lib/utils.ts
./app/components/Photo.tsx @ webpack-internal:///(app-pages-browser)/./node_modules/next/dist/client/components/react-dev-overlay/app/hot-reloader-client.js:281
[ 4902420ms] [WARNING] ./app/lib/utils.ts
Attempted import error: 'changelogItems' is not exported from '#site/content' (imported as 'changelogItems').

Import trace for requested module:
./app/lib/utils.ts
./app/components/Photo.tsx @ webpack-internal:///(app-pages-browser)/./node_modules/next/dist/client/components/react-dev-overlay/app/hot-reloader-client.js:281
[ 4905500ms] [WARNING] The resource http://localhost:3000/_next/static/css/app/layout.css?v=1774152802786 was preloaded using link preload but not used within a few seconds from the window's load event. Please make sure it has an appropriate `as` value and it is preloaded intentionally. @ http://localhost:3000/:0
[ 4905500ms] [WARNING] The resource http://localhost:3000/_next/static/css/app/layout.css?v=1774152683804 was preloaded using link preload but not used within a few seconds from the window's load event. Please make sure it has an appropriate `as` value and it is preloaded intentionally. @ http://localhost:3000/:0
[ 4906166ms] [WARNING] ./app/lib/utils.ts
Attempted import error: 'changelogItems' is not exported from '#site/content' (imported as 'changelogItems').

Import trace for requested module:
./app/lib/utils.ts
./app/components/Photo.tsx @ webpack-internal:///(app-pages-browser)/./node_modules/next/dist/client/components/react-dev-overlay/app/hot-reloader-client.js:281
[ 4906166ms] [WARNING] ./app/lib/utils.ts
Attempted import error: 'posts' is not exported from '#site/content' (imported as 'posts').

Import trace for requested module:
./app/lib/utils.ts
./app/components/Photo.tsx @ webpack-internal:///(app-pages-browser)/./node_modules/next/dist/client/components/react-dev-overlay/app/hot-reloader-client.js:281
[ 4906166ms] [WARNING] ./app/lib/utils.ts
Attempted import error: 'changelogItems' is not exported from '#site/content' (imported as 'changelogItems').

Import trace for requested module:
./app/lib/utils.ts
./app/components/Photo.tsx @ webpack-internal:///(app-pages-browser)/./node_modules/next/dist/client/components/react-dev-overlay/app/hot-reloader-client.js:281
[ 4909217ms] [WARNING] The resource http://localhost:3000/_next/static/css/app/layout.css?v=1774152802786 was preloaded using link preload but not used within a few seconds from the window's load event. Please make sure it has an appropriate `as` value and it is preloaded intentionally. @ http://localhost:3000/:0
[ 4909217ms] [WARNING] The resource http://localhost:3000/_next/static/css/app/layout.css?v=1774152683804 was preloaded using link preload but not used within a few seconds from the window's load event. Please make sure it has an appropriate `as` value and it is preloaded intentionally. @ http://localhost:3000/:0
[ 4947154ms] [WARNING] ./app/lib/utils.ts
Attempted import error: 'changelogItems' is not exported from '#site/content' (imported as 'changelogItems'). @ webpack-internal:///(app-pages-browser)/./node_modules/next/dist/client/components/react-dev-overlay/app/hot-reloader-client.js:281
[ 4947154ms] [WARNING] ./app/lib/utils.ts
Attempted import error: 'posts' is not exported from '#site/content' (imported as 'posts'). @ webpack-internal:///(app-pages-browser)/./node_modules/next/dist/client/components/react-dev-overlay/app/hot-reloader-client.js:281
[ 4947154ms] [WARNING] ./app/lib/utils.ts
Attempted import error: 'changelogItems' is not exported from '#site/content' (imported as 'changelogItems'). @ webpack-internal:///(app-pages-browser)/./node_modules/next/dist/client/components/react-dev-overlay/app/hot-reloader-client.js:281
[ 5039517ms] [WARNING] ./app/lib/utils.ts
Attempted import error: 'changelogItems' is not exported from '#site/content' (imported as 'changelogItems').

Import trace for requested module:
./app/lib/utils.ts
./app/components/Photo.tsx @ webpack-internal:///(app-pages-browser)/./node_modules/next/dist/client/components/react-dev-overlay/app/hot-reloader-client.js:281
[ 5039517ms] [WARNING] ./app/lib/utils.ts
Attempted import error: 'posts' is not exported from '#site/content' (imported as 'posts').

Import trace for requested module:
./app/lib/utils.ts
./app/components/Photo.tsx @ webpack-internal:///(app-pages-browser)/./node_modules/next/dist/client/components/react-dev-overlay/app/hot-reloader-client.js:281
[ 5039517ms] [WARNING] ./app/lib/utils.ts
Attempted import error: 'changelogItems' is not exported from '#site/content' (imported as 'changelogItems').

Import trace for requested module:
./app/lib/utils.ts
./app/components/Photo.tsx @ webpack-internal:///(app-pages-browser)/./node_modules/next/dist/client/components/react-dev-overlay/app/hot-reloader-client.js:281
[ 5042576ms] [WARNING] The resource http://localhost:3000/_next/static/css/app/layout.css?v=1774152802786 was preloaded using link preload but not used within a few seconds from the window's load event. Please make sure it has an appropriate `as` value and it is preloaded intentionally. @ http://localhost:3000/:0
[ 5042576ms] [WARNING] The resource http://localhost:3000/_next/static/css/app/layout.css?v=1774152683804 was preloaded using link preload but not used within a few seconds from the window's load event. Please make sure it has an appropriate `as` value and it is preloaded intentionally. @ http://localhost:3000/:0
[ 5080328ms] [WARNING] ./app/lib/utils.ts
Attempted import error: 'changelogItems' is not exported from '#site/content' (imported as 'changelogItems').

Import trace for requested module:
./app/lib/utils.ts
./app/components/Photo.tsx @ webpack-internal:///(app-pages-browser)/./node_modules/next/dist/client/components/react-dev-overlay/app/hot-reloader-client.js:281
[ 5080328ms] [WARNING] ./app/lib/utils.ts
Attempted import error: 'posts' is not exported from '#site/content' (imported as 'posts').

Import trace for requested module:
./app/lib/utils.ts
./app/components/Photo.tsx @ webpack-internal:///(app-pages-browser)/./node_modules/next/dist/client/components/react-dev-overlay/app/hot-reloader-client.js:281
[ 5080328ms] [WARNING] ./app/lib/utils.ts
Attempted import error: 'changelogItems' is not exported from '#site/content' (imported as 'changelogItems').

Import trace for requested module:
./app/lib/utils.ts
./app/components/Photo.tsx @ webpack-internal:///(app-pages-browser)/./node_modules/next/dist/client/components/react-dev-overlay/app/hot-reloader-client.js:281
[ 5083365ms] [WARNING] The resource http://localhost:3000/_next/static/css/app/layout.css?v=1774152802786 was preloaded using link preload but not used within a few seconds from the window's load event. Please make sure it has an appropriate `as` value and it is preloaded intentionally. @ http://localhost:3000/:0
[ 5083365ms] [WARNING] The resource http://localhost:3000/_next/static/css/app/layout.css?v=1774152683804 was preloaded using link preload but not used within a few seconds from the window's load event. Please make sure it has an appropriate `as` value and it is preloaded intentionally. @ http://localhost:3000/:0
[ 5089559ms] [WARNING] ./app/lib/utils.ts
Attempted import error: 'changelogItems' is not exported from '#site/content' (imported as 'changelogItems').

Import trace for requested module:
./app/lib/utils.ts
./app/components/Photo.tsx @ webpack-internal:///(app-pages-browser)/./node_modules/next/dist/client/components/react-dev-overlay/app/hot-reloader-client.js:281
[ 5089559ms] [WARNING] ./app/lib/utils.ts
Attempted import error: 'posts' is not exported from '#site/content' (imported as 'posts').

Import trace for requested module:
./app/lib/utils.ts
./app/components/Photo.tsx @ webpack-internal:///(app-pages-browser)/./node_modules/next/dist/client/components/react-dev-overlay/app/hot-reloader-client.js:281
[ 5089559ms] [WARNING] ./app/lib/utils.ts
Attempted import error: 'changelogItems' is not exported from '#site/content' (imported as 'changelogItems').

Import trace for requested module:
./app/lib/utils.ts
./app/components/Photo.tsx @ webpack-internal:///(app-pages-browser)/./node_modules/next/dist/client/components/react-dev-overlay/app/hot-reloader-client.js:281
[ 5092647ms] [WARNING] The resource http://localhost:3000/_next/static/css/app/layout.css?v=1774152802786 was preloaded using link preload but not used within a few seconds from the window's load event. Please make sure it has an appropriate `as` value and it is preloaded intentionally. @ http://localhost:3000/:0
[ 5092647ms] [WARNING] The resource http://localhost:3000/_next/static/css/app/layout.css?v=1774152683804 was preloaded using link preload but not used within a few seconds from the window's load event. Please make sure it has an appropriate `as` value and it is preloaded intentionally. @ http://localhost:3000/:0
[ 5105987ms] [WARNING] ./app/lib/utils.ts
Attempted import error: 'changelogItems' is not exported from '#site/content' (imported as 'changelogItems').

Import trace for requested module:
./app/lib/utils.ts
./app/components/Photo.tsx @ webpack-internal:///(app-pages-browser)/./node_modules/next/dist/client/components/react-dev-overlay/app/hot-reloader-client.js:281
[ 5105987ms] [WARNING] ./app/lib/utils.ts
Attempted import error: 'posts' is not exported from '#site/content' (imported as 'posts').

Import trace for requested module:
./app/lib/utils.ts
./app/components/Photo.tsx @ webpack-internal:///(app-pages-browser)/./node_modules/next/dist/client/components/react-dev-overlay/app/hot-reloader-client.js:281
[ 5105987ms] [WARNING] ./app/lib/utils.ts
Attempted import error: 'changelogItems' is not exported from '#site/content' (imported as 'changelogItems').

Import trace for requested module:
./app/lib/utils.ts
./app/components/Photo.tsx @ webpack-internal:///(app-pages-browser)/./node_modules/next/dist/client/components/react-dev-overlay/app/hot-reloader-client.js:281
[ 5109025ms] [WARNING] The resource http://localhost:3000/_next/static/css/app/layout.css?v=1774152802786 was preloaded using link preload but not used within a few seconds from the window's load event. Please make sure it has an appropriate `as` value and it is preloaded intentionally. @ http://localhost:3000/:0
[ 5109026ms] [WARNING] The resource http://localhost:3000/_next/static/css/app/layout.css?v=1774152683804 was preloaded using link preload but not used within a few seconds from the window's load event. Please make sure it has an appropriate `as` value and it is preloaded intentionally. @ http://localhost:3000/:0
[ 5112780ms] [WARNING] ./app/lib/utils.ts
Attempted import error: 'changelogItems' is not exported from '#site/content' (imported as 'changelogItems').

Import trace for requested module:
./app/lib/utils.ts
./app/components/Photo.tsx @ webpack-internal:///(app-pages-browser)/./node_modules/next/dist/client/components/react-dev-overlay/app/hot-reloader-client.js:281
[ 5112780ms] [WARNING] ./app/lib/utils.ts
Attempted import error: 'posts' is not exported from '#site/content' (imported as 'posts').

Import trace for requested module:
./app/lib/utils.ts
./app/components/Photo.tsx @ webpack-internal:///(app-pages-browser)/./node_modules/next/dist/client/components/react-dev-overlay/app/hot-reloader-client.js:281
[ 5112780ms] [WARNING] ./app/lib/utils.ts
Attempted import error: 'changelogItems' is not exported from '#site/content' (imported as 'changelogItems').

Import trace for requested module:
./app/lib/utils.ts
./app/components/Photo.tsx @ webpack-internal:///(app-pages-browser)/./node_modules/next/dist/client/components/react-dev-overlay/app/hot-reloader-client.js:281
[ 5116006ms] [WARNING] The resource http://localhost:3000/_next/static/css/app/layout.css?v=1774152802786 was preloaded using link preload but not used within a few seconds from the window's load event. Please make sure it has an appropriate `as` value and it is preloaded intentionally. @ http://localhost:3000/:0
[ 5116006ms] [WARNING] The resource http://localhost:3000/_next/static/css/app/layout.css?v=1774152683804 was preloaded using link preload but not used within a few seconds from the window's load event. Please make sure it has an appropriate `as` value and it is preloaded intentionally. @ http://localhost:3000/:0
[ 5120040ms] [WARNING] ./app/lib/utils.ts
Attempted import error: 'changelogItems' is not exported from '#site/content' (imported as 'changelogItems').

Import trace for requested module:
./app/lib/utils.ts
./app/components/Photo.tsx @ webpack-internal:///(app-pages-browser)/./node_modules/next/dist/client/components/react-dev-overlay/app/hot-reloader-client.js:281
[ 5120040ms] [WARNING] ./app/lib/utils.ts
Attempted import error: 'posts' is not exported from '#site/content' (imported as 'posts').

Import trace for requested module:
./app/lib/utils.ts
./app/components/Photo.tsx @ webpack-internal:///(app-pages-browser)/./node_modules/next/dist/client/components/react-dev-overlay/app/hot-reloader-client.js:281
[ 5120040ms] [WARNING] ./app/lib/utils.ts
Attempted import error: 'changelogItems' is not exported from '#site/content' (imported as 'changelogItems').

Import trace for requested module:
./app/lib/utils.ts
./app/components/Photo.tsx @ webpack-internal:///(app-pages-browser)/./node_modules/next/dist/client/components/react-dev-overlay/app/hot-reloader-client.js:281
[ 5123113ms] [WARNING] The resource http://localhost:3000/_next/static/css/app/layout.css?v=1774152802786 was preloaded using link preload but not used within a few seconds from the window's load event. Please make sure it has an appropriate `as` value and it is preloaded intentionally. @ http://localhost:3000/:0
[ 5123113ms] [WARNING] The resource http://localhost:3000/_next/static/css/app/layout.css?v=1774152683804 was preloaded using link preload but not used within a few seconds from the window's load event. Please make sure it has an appropriate `as` value and it is preloaded intentionally. @ http://localhost:3000/:0
[ 5129073ms] [WARNING] ./app/lib/utils.ts
Attempted import error: 'changelogItems' is not exported from '#site/content' (imported as 'changelogItems').

Import trace for requested module:
./app/lib/utils.ts
./app/components/Photo.tsx @ webpack-internal:///(app-pages-browser)/./node_modules/next/dist/client/components/react-dev-overlay/app/hot-reloader-client.js:281
[ 5129073ms] [WARNING] ./app/lib/utils.ts
Attempted import error: 'posts' is not exported from '#site/content' (imported as 'posts').

Import trace for requested module:
./app/lib/utils.ts
./app/components/Photo.tsx @ webpack-internal:///(app-pages-browser)/./node_modules/next/dist/client/components/react-dev-overlay/app/hot-reloader-client.js:281
[ 5129073ms] [WARNING] ./app/lib/utils.ts
Attempted import error: 'changelogItems' is not exported from '#site/content' (imported as 'changelogItems').

Import trace for requested module:
./app/lib/utils.ts
./app/components/Photo.tsx @ webpack-internal:///(app-pages-browser)/./node_modules/next/dist/client/components/react-dev-overlay/app/hot-reloader-client.js:281
[ 5132162ms] [WARNING] The resource http://localhost:3000/_next/static/css/app/layout.css?v=1774152802786 was preloaded using link preload but not used within a few seconds from the window's load event. Please make sure it has an appropriate `as` value and it is preloaded intentionally. @ http://localhost:3000/:0
[ 5132162ms] [WARNING] The resource http://localhost:3000/_next/static/css/app/layout.css?v=1774152683804 was preloaded using link preload but not used within a few seconds from the window's load event. Please make sure it has an appropriate `as` value and it is preloaded intentionally. @ http://localhost:3000/:0
[ 5140233ms] [WARNING] ./app/lib/utils.ts
Attempted import error: 'changelogItems' is not exported from '#site/content' (imported as 'changelogItems').

Import trace for requested module:
./app/lib/utils.ts
./app/components/Photo.tsx @ webpack-internal:///(app-pages-browser)/./node_modules/next/dist/client/components/react-dev-overlay/app/hot-reloader-client.js:281
[ 5140234ms] [WARNING] ./app/lib/utils.ts
Attempted import error: 'posts' is not exported from '#site/content' (imported as 'posts').

Import trace for requested module:
./app/lib/utils.ts
./app/components/Photo.tsx @ webpack-internal:///(app-pages-browser)/./node_modules/next/dist/client/components/react-dev-overlay/app/hot-reloader-client.js:281
[ 5140234ms] [WARNING] ./app/lib/utils.ts
Attempted import error: 'changelogItems' is not exported from '#site/content' (imported as 'changelogItems').

Import trace for requested module:
./app/lib/utils.ts
./app/components/Photo.tsx @ webpack-internal:///(app-pages-browser)/./node_modules/next/dist/client/components/react-dev-overlay/app/hot-reloader-client.js:281
[ 5143313ms] [WARNING] The resource http://localhost:3000/_next/static/css/app/layout.css?v=1774152802786 was preloaded using link preload but not used within a few seconds from the window's load event. Please make sure it has an appropriate `as` value and it is preloaded intentionally. @ http://localhost:3000/:0
[ 5143313ms] [WARNING] The resource http://localhost:3000/_next/static/css/app/layout.css?v=1774152683804 was preloaded using link preload but not used within a few seconds from the window's load event. Please make sure it has an appropriate `as` value and it is preloaded intentionally. @ http://localhost:3000/:0
[ 5148087ms] [WARNING] ./app/lib/utils.ts
Attempted import error: 'changelogItems' is not exported from '#site/content' (imported as 'changelogItems').

Import trace for requested module:
./app/lib/utils.ts
./app/components/Photo.tsx @ webpack-internal:///(app-pages-browser)/./node_modules/next/dist/client/components/react-dev-overlay/app/hot-reloader-client.js:281
[ 5148087ms] [WARNING] ./app/lib/utils.ts
Attempted import error: 'posts' is not exported from '#site/content' (imported as 'posts').

Import trace for requested module:
./app/lib/utils.ts
./app/components/Photo.tsx @ webpack-internal:///(app-pages-browser)/./node_modules/next/dist/client/components/react-dev-overlay/app/hot-reloader-client.js:281
[ 5148087ms] [WARNING] ./app/lib/utils.ts
Attempted import error: 'changelogItems' is not exported from '#site/content' (imported as 'changelogItems').

Import trace for requested module:
./app/lib/utils.ts
./app/components/Photo.tsx @ webpack-internal:///(app-pages-browser)/./node_modules/next/dist/client/components/react-dev-overlay/app/hot-reloader-client.js:281
[ 5151181ms] [WARNING] The resource http://localhost:3000/_next/static/css/app/layout.css?v=1774152802786 was preloaded using link preload but not used within a few seconds from the window's load event. Please make sure it has an appropriate `as` value and it is preloaded intentionally. @ http://localhost:3000/:0
[ 5151181ms] [WARNING] The resource http://localhost:3000/_next/static/css/app/layout.css?v=1774152683804 was preloaded using link preload but not used within a few seconds from the window's load event. Please make sure it has an appropriate `as` value and it is preloaded intentionally. @ http://localhost:3000/:0
[ 5155752ms] [WARNING] ./app/lib/utils.ts
Attempted import error: 'changelogItems' is not exported from '#site/content' (imported as 'changelogItems').

Import trace for requested module:
./app/lib/utils.ts
./app/components/Photo.tsx @ webpack-internal:///(app-pages-browser)/./node_modules/next/dist/client/components/react-dev-overlay/app/hot-reloader-client.js:281
[ 5155752ms] [WARNING] ./app/lib/utils.ts
Attempted import error: 'posts' is not exported from '#site/content' (imported as 'posts').

Import trace for requested module:
./app/lib/utils.ts
./app/components/Photo.tsx @ webpack-internal:///(app-pages-browser)/./node_modules/next/dist/client/components/react-dev-overlay/app/hot-reloader-client.js:281
[ 5155752ms] [WARNING] ./app/lib/utils.ts
Attempted import error: 'changelogItems' is not exported from '#site/content' (imported as 'changelogItems').

Import trace for requested module:
./app/lib/utils.ts
./app/components/Photo.tsx @ webpack-internal:///(app-pages-browser)/./node_modules/next/dist/client/components/react-dev-overlay/app/hot-reloader-client.js:281
[ 5155810ms] [WARNING] You are trying to animate stopOpacity from "undefined" to "0". undefined is not an animatable value - to enable this animation set undefined to a value animatable to 0 via the `style` property. @ webpack-internal:///(app-pages-browser)/./node_modules/framer-motion/dist/es/utils/errors.mjs:13
[ 5158811ms] [WARNING] The resource http://localhost:3000/_next/static/css/app/layout.css?v=1774152802786 was preloaded using link preload but not used within a few seconds from the window's load event. Please make sure it has an appropriate `as` value and it is preloaded intentionally. @ http://localhost:3000/:0
[ 5158811ms] [WARNING] The resource http://localhost:3000/_next/static/css/app/layout.css?v=1774152683804 was preloaded using link preload but not used within a few seconds from the window's load event. Please make sure it has an appropriate `as` value and it is preloaded intentionally. @ http://localhost:3000/:0
[ 5173979ms] [WARNING] ./app/lib/utils.ts
Attempted import error: 'changelogItems' is not exported from '#site/content' (imported as 'changelogItems').

Import trace for requested module:
./app/lib/utils.ts
./app/components/Photo.tsx @ webpack-internal:///(app-pages-browser)/./node_modules/next/dist/client/components/react-dev-overlay/app/hot-reloader-client.js:281
[ 5173979ms] [WARNING] ./app/lib/utils.ts
Attempted import error: 'posts' is not exported from '#site/content' (imported as 'posts').

Import trace for requested module:
./app/lib/utils.ts
./app/components/Photo.tsx @ webpack-internal:///(app-pages-browser)/./node_modules/next/dist/client/components/react-dev-overlay/app/hot-reloader-client.js:281
[ 5173979ms] [WARNING] ./app/lib/utils.ts
Attempted import error: 'changelogItems' is not exported from '#site/content' (imported as 'changelogItems').

Import trace for requested module:
./app/lib/utils.ts
./app/components/Photo.tsx @ webpack-internal:///(app-pages-browser)/./node_modules/next/dist/client/components/react-dev-overlay/app/hot-reloader-client.js:281
[ 5175468ms] [WARNING] ./app/lib/utils.ts
Attempted import error: 'changelogItems' is not exported from '#site/content' (imported as 'changelogItems').

Import trace for requested module:
./app/lib/utils.ts
./app/components/Photo.tsx @ webpack-internal:///(app-pages-browser)/./node_modules/next/dist/client/components/react-dev-overlay/app/hot-reloader-client.js:281
[ 5175468ms] [WARNING] ./app/lib/utils.ts
Attempted import error: 'posts' is not exported from '#site/content' (imported as 'posts').

Import trace for requested module:
./app/lib/utils.ts
./app/components/Photo.tsx @ webpack-internal:///(app-pages-browser)/./node_modules/next/dist/client/components/react-dev-overlay/app/hot-reloader-client.js:281
[ 5175468ms] [WARNING] ./app/lib/utils.ts
Attempted import error: 'changelogItems' is not exported from '#site/content' (imported as 'changelogItems').

Import trace for requested module:
./app/lib/utils.ts
./app/components/Photo.tsx @ webpack-internal:///(app-pages-browser)/./node_modules/next/dist/client/components/react-dev-overlay/app/hot-reloader-client.js:281
[ 5176957ms] [WARNING] ./app/lib/utils.ts
Attempted import error: 'changelogItems' is not exported from '#site/content' (imported as 'changelogItems').

Import trace for requested module:
./app/lib/utils.ts
./app/components/Photo.tsx @ webpack-internal:///(app-pages-browser)/./node_modules/next/dist/client/components/react-dev-overlay/app/hot-reloader-client.js:281
[ 5176957ms] [WARNING] ./app/lib/utils.ts
Attempted import error: 'posts' is not exported from '#site/content' (imported as 'posts').

Import trace for requested module:
./app/lib/utils.ts
./app/components/Photo.tsx @ webpack-internal:///(app-pages-browser)/./node_modules/next/dist/client/components/react-dev-overlay/app/hot-reloader-client.js:281
[ 5176957ms] [WARNING] ./app/lib/utils.ts
Attempted import error: 'changelogItems' is not exported from '#site/content' (imported as 'changelogItems').

Import trace for requested module:
./app/lib/utils.ts
./app/components/Photo.tsx @ webpack-internal:///(app-pages-browser)/./node_modules/next/dist/client/components/react-dev-overlay/app/hot-reloader-client.js:281
[ 5178816ms] [WARNING] ./app/lib/utils.ts
Attempted import error: 'changelogItems' is not exported from '#site/content' (imported as 'changelogItems').

Import trace for requested module:
./app/lib/utils.ts
./app/components/Photo.tsx @ webpack-internal:///(app-pages-browser)/./node_modules/next/dist/client/components/react-dev-overlay/app/hot-reloader-client.js:281
[ 5178816ms] [WARNING] ./app/lib/utils.ts
Attempted import error: 'posts' is not exported from '#site/content' (imported as 'posts').

Import trace for requested module:
./app/lib/utils.ts
./app/components/Photo.tsx @ webpack-internal:///(app-pages-browser)/./node_modules/next/dist/client/components/react-dev-overlay/app/hot-reloader-client.js:281
[ 5178816ms] [WARNING] ./app/lib/utils.ts
Attempted import error: 'changelogItems' is not exported from '#site/content' (imported as 'changelogItems').

Import trace for requested module:
./app/lib/utils.ts
./app/components/Photo.tsx @ webpack-internal:///(app-pages-browser)/./node_modules/next/dist/client/components/react-dev-overlay/app/hot-reloader-client.js:281
[ 5181942ms] [WARNING] The resource http://localhost:3000/_next/static/css/app/layout.css?v=1774152802786 was preloaded using link preload but not used within a few seconds from the window's load event. Please make sure it has an appropriate `as` value and it is preloaded intentionally. @ http://localhost:3000/:0
[ 5181942ms] [WARNING] The resource http://localhost:3000/_next/static/css/app/layout.css?v=1774152683804 was preloaded using link preload but not used within a few seconds from the window's load event. Please make sure it has an appropriate `as` value and it is preloaded intentionally. @ http://localhost:3000/:0
[ 5205951ms] [WARNING] ./app/lib/utils.ts
Attempted import error: 'changelogItems' is not exported from '#site/content' (imported as 'changelogItems').

Import trace for requested module:
./app/lib/utils.ts
./app/components/Photo.tsx @ webpack-internal:///(app-pages-browser)/./node_modules/next/dist/client/components/react-dev-overlay/app/hot-reloader-client.js:281
[ 5205952ms] [WARNING] ./app/lib/utils.ts
Attempted import error: 'posts' is not exported from '#site/content' (imported as 'posts').

Import trace for requested module:
./app/lib/utils.ts
./app/components/Photo.tsx @ webpack-internal:///(app-pages-browser)/./node_modules/next/dist/client/components/react-dev-overlay/app/hot-reloader-client.js:281
[ 5205952ms] [WARNING] ./app/lib/utils.ts
Attempted import error: 'changelogItems' is not exported from '#site/content' (imported as 'changelogItems').

Import trace for requested module:
./app/lib/utils.ts
./app/components/Photo.tsx @ webpack-internal:///(app-pages-browser)/./node_modules/next/dist/client/components/react-dev-overlay/app/hot-reloader-client.js:281
[ 5208988ms] [WARNING] The resource http://localhost:3000/_next/static/css/app/layout.css?v=1774152802786 was preloaded using link preload but not used within a few seconds from the window's load event. Please make sure it has an appropriate `as` value and it is preloaded intentionally. @ http://localhost:3000/:0
[ 5208988ms] [WARNING] The resource http://localhost:3000/_next/static/css/app/layout.css?v=1774152683804 was preloaded using link preload but not used within a few seconds from the window's load event. Please make sure it has an appropriate `as` value and it is preloaded intentionally. @ http://localhost:3000/:0
[ 5220567ms] [ERROR] .velite/index.js:3:1
Module not found: Can't resolve './posts.json'
  1 | // This file is generated by Velite
  2 |
> 3 | export { default as posts } from './posts.json'
    | ^
  4 | export { default as changelogItems } from './changelogItems.json'

https://nextjs.org/docs/messages/module-not-found

Import trace for requested module:
./app/lib/utils.ts
./app/components/Photo.tsx @ webpack-internal:///(app-pages-browser)/./node_modules/next/dist/client/components/globals/intercept-console-error.js:50
[ 5220567ms] [ERROR] .velite/index.js:4:1
Module not found: Can't resolve './changelogItems.json'
  2 |
  3 | export { default as posts } from './posts.json'
> 4 | export { default as changelogItems } from './changelogItems.json'
    | ^

https://nextjs.org/docs/messages/module-not-found

Import trace for requested module:
./app/lib/utils.ts
./app/components/Photo.tsx @ webpack-internal:///(app-pages-browser)/./node_modules/next/dist/client/components/globals/intercept-console-error.js:50
[ 5220567ms] [ERROR] .velite/index.js:3:1
Module not found: Can't resolve './posts.json'
  1 | // This file is generated by Velite
  2 |
> 3 | export { default as posts } from './posts.json'
    | ^
  4 | export { default as changelogItems } from './changelogItems.json'

https://nextjs.org/docs/messages/module-not-found

Import trace for requested module:
./app/lib/utils.ts
./app/layout.tsx @ webpack-internal:///(app-pages-browser)/./node_modules/next/dist/client/components/globals/intercept-console-error.js:50
[ 5220567ms] [ERROR] .velite/index.js:4:1
Module not found: Can't resolve './changelogItems.json'
  2 |
  3 | export { default as posts } from './posts.json'
> 4 | export { default as changelogItems } from './changelogItems.json'
    | ^

https://nextjs.org/docs/messages/module-not-found

Import trace for requested module:
./app/lib/utils.ts
./app/layout.tsx @ webpack-internal:///(app-pages-browser)/./node_modules/next/dist/client/components/globals/intercept-console-error.js:50
[ 5220699ms] [WARNING] ./app/lib/utils.ts
Attempted import error: 'changelogItems' is not exported from '#site/content' (imported as 'changelogItems').

Import trace for requested module:
./app/lib/utils.ts
./app/components/Photo.tsx @ webpack-internal:///(app-pages-browser)/./node_modules/next/dist/client/components/react-dev-overlay/app/hot-reloader-client.js:281
[ 5220699ms] [WARNING] ./app/lib/utils.ts
Attempted import error: 'posts' is not exported from '#site/content' (imported as 'posts').

Import trace for requested module:
./app/lib/utils.ts
./app/components/Photo.tsx @ webpack-internal:///(app-pages-browser)/./node_modules/next/dist/client/components/react-dev-overlay/app/hot-reloader-client.js:281
[ 5220699ms] [WARNING] ./app/lib/utils.ts
Attempted import error: 'changelogItems' is not exported from '#site/content' (imported as 'changelogItems').

Import trace for requested module:
./app/lib/utils.ts
./app/components/Photo.tsx @ webpack-internal:///(app-pages-browser)/./node_modules/next/dist/client/components/react-dev-overlay/app/hot-reloader-client.js:281
[ 5220801ms] [ERROR] .velite/index.js:3:1
Module not found: Can't resolve './posts.json'
  1 | // This file is generated by Velite
  2 |
> 3 | export { default as posts } from './posts.json'
    | ^
  4 | export { default as changelogItems } from './changelogItems.json'

https://nextjs.org/docs/messages/module-not-found

Import trace for requested module:
./app/lib/utils.ts
./app/components/Photo.tsx @ webpack-internal:///(app-pages-browser)/./node_modules/next/dist/client/components/globals/intercept-console-error.js:50
[ 5220801ms] [ERROR] .velite/index.js:4:1
Module not found: Can't resolve './changelogItems.json'
  2 |
  3 | export { default as posts } from './posts.json'
> 4 | export { default as changelogItems } from './changelogItems.json'
    | ^

https://nextjs.org/docs/messages/module-not-found

Import trace for requested module:
./app/lib/utils.ts
./app/components/Photo.tsx @ webpack-internal:///(app-pages-browser)/./node_modules/next/dist/client/components/globals/intercept-console-error.js:50
[ 5220982ms] [WARNING] ./app/lib/utils.ts
Attempted import error: 'changelogItems' is not exported from '#site/content' (imported as 'changelogItems').

Import trace for requested module:
./app/lib/utils.ts
./app/components/Photo.tsx @ webpack-internal:///(app-pages-browser)/./node_modules/next/dist/client/components/react-dev-overlay/app/hot-reloader-client.js:281
[ 5220982ms] [WARNING] ./app/lib/utils.ts
Attempted import error: 'posts' is not exported from '#site/content' (imported as 'posts').

Import trace for requested module:
./app/lib/utils.ts
./app/components/Photo.tsx @ webpack-internal:///(app-pages-browser)/./node_modules/next/dist/client/components/react-dev-overlay/app/hot-reloader-client.js:281
[ 5220982ms] [WARNING] ./app/lib/utils.ts
Attempted import error: 'changelogItems' is not exported from '#site/content' (imported as 'changelogItems').

Import trace for requested module:
./app/lib/utils.ts
./app/components/Photo.tsx @ webpack-internal:///(app-pages-browser)/./node_modules/next/dist/client/components/react-dev-overlay/app/hot-reloader-client.js:281
[ 5221157ms] [WARNING] ./app/lib/utils.ts
Attempted import error: 'changelogItems' is not exported from '#site/content' (imported as 'changelogItems').

Import trace for requested module:
./app/lib/utils.ts
./app/components/Photo.tsx @ webpack-internal:///(app-pages-browser)/./node_modules/next/dist/client/components/react-dev-overlay/app/hot-reloader-client.js:281
[ 5221157ms] [WARNING] ./app/lib/utils.ts
Attempted import error: 'posts' is not exported from '#site/content' (imported as 'posts').

Import trace for requested module:
./app/lib/utils.ts
./app/components/Photo.tsx @ webpack-internal:///(app-pages-browser)/./node_modules/next/dist/client/components/react-dev-overlay/app/hot-reloader-client.js:281
[ 5221157ms] [WARNING] ./app/lib/utils.ts
Attempted import error: 'changelogItems' is not exported from '#site/content' (imported as 'changelogItems').

Import trace for requested module:
./app/lib/utils.ts
./app/components/Photo.tsx @ webpack-internal:///(app-pages-browser)/./node_modules/next/dist/client/components/react-dev-overlay/app/hot-reloader-client.js:281
[ 5221337ms] [ERROR] Failed to load resource: the server responded with a status of 404 (Not Found) @ http://localhost:3000/_next/static/css/app/layout.css?v=1774154206956:0
[ 5221377ms] [ERROR] Failed to load resource: the server responded with a status of 404 (Not Found) @ http://localhost:3000/_next/static/css/app/layout.css?v=1774154207301:0
[ 5221418ms] Event
[ 5224395ms] [WARNING] The resource http://localhost:3000/_next/static/css/app/layout.css?v=1774152802786 was preloaded using link preload but not used within a few seconds from the window's load event. Please make sure it has an appropriate `as` value and it is preloaded intentionally. @ http://localhost:3000/:0
[ 5224395ms] [WARNING] The resource http://localhost:3000/_next/static/css/app/layout.css?v=1774154206956 was preloaded using link preload but not used within a few seconds from the window's load event. Please make sure it has an appropriate `as` value and it is preloaded intentionally. @ http://localhost:3000/:0
[ 5224395ms] [WARNING] The resource http://localhost:3000/_next/static/css/app/layout.css?v=1774152683804 was preloaded using link preload but not used within a few seconds from the window's load event. Please make sure it has an appropriate `as` value and it is preloaded intentionally. @ http://localhost:3000/:0
[ 5258647ms] [WARNING] ./app/lib/utils.ts
Attempted import error: 'changelogItems' is not exported from '#site/content' (imported as 'changelogItems').

Import trace for requested module:
./app/lib/utils.ts
./app/components/Photo.tsx @ webpack-internal:///(app-pages-browser)/./node_modules/next/dist/client/components/react-dev-overlay/app/hot-reloader-client.js:281
[ 5258647ms] [WARNING] ./app/lib/utils.ts
Attempted import error: 'posts' is not exported from '#site/content' (imported as 'posts').

Import trace for requested module:
./app/lib/utils.ts
./app/components/Photo.tsx @ webpack-internal:///(app-pages-browser)/./node_modules/next/dist/client/components/react-dev-overlay/app/hot-reloader-client.js:281
[ 5258647ms] [WARNING] ./app/lib/utils.ts
Attempted import error: 'changelogItems' is not exported from '#site/content' (imported as 'changelogItems').

Import trace for requested module:
./app/lib/utils.ts
./app/components/Photo.tsx @ webpack-internal:///(app-pages-browser)/./node_modules/next/dist/client/components/react-dev-overlay/app/hot-reloader-client.js:281
[ 5258753ms] [WARNING] ./app/lib/utils.ts
Attempted import error: 'changelogItems' is not exported from '#site/content' (imported as 'changelogItems').

Import trace for requested module:
./app/lib/utils.ts
./app/components/Photo.tsx @ webpack-internal:///(app-pages-browser)/./node_modules/next/dist/client/components/react-dev-overlay/app/hot-reloader-client.js:281
[ 5258753ms] [WARNING] ./app/lib/utils.ts
Attempted import error: 'posts' is not exported from '#site/content' (imported as 'posts').

Import trace for requested module:
./app/lib/utils.ts
./app/components/Photo.tsx @ webpack-internal:///(app-pages-browser)/./node_modules/next/dist/client/components/react-dev-overlay/app/hot-reloader-client.js:281
[ 5258753ms] [WARNING] ./app/lib/utils.ts
Attempted import error: 'changelogItems' is not exported from '#site/content' (imported as 'changelogItems').

Import trace for requested module:
./app/lib/utils.ts
./app/components/Photo.tsx @ webpack-internal:///(app-pages-browser)/./node_modules/next/dist/client/components/react-dev-overlay/app/hot-reloader-client.js:281
